route,location,url,avg_stars,your_stars,route_type,rating,pitches,length_,area_latitude,area_longitude,url_id,grade,area_name
Problem A,Sacrificial Boulder > Druid Stones > Bishop Area > Sierra Eastside > California,https://www.mountainproject.com/route/107203708/problem-a,1.6,-1,Boulder,V-easy,1,,37.30698,-118.43702,107203708,-1,druid_stones
Problem B,Sacrificial Boulder > Druid Stones > Bishop Area > Sierra Eastside > California,https://www.mountainproject.com/route/107203712/problem-b,1.6,-1,Boulder,V-easy,1,,37.30698,-118.43702,107203712,-1,druid_stones
Tribal Wisdom,Blood Kin Stone > Druid Stone Area > Druid Stones > Bishop Area > Sierra Eastside > California,https://www.mountainproject.com/route/107032674/tribal-wisdom,2,-1,Boulder,V-easy R,1,20,37.30744,-118.43635,107032674,-0.75,druid_stones
Downclimb,Blood Kin Stone > Druid Stone Area > Druid Stones > Bishop Area > Sierra Eastside > California,https://www.mountainproject.com/route/108593006/downclimb,2,-1,Boulder,V-easy,1,18,37.30744,-118.43635,108593006,-1,druid_stones
Quadraphenia,Morning Glory Boulder > The Otherworld > Druid Stones > Bishop Area > Sierra Eastside > California,https://www.mountainproject.com/route/109724224/quadraphenia,2,-1,Boulder,V-easy,1,25,37.30808,-118.43306,109724224,-1,druid_stones
Problem C,What's The Story Boulder > The Otherworld > Druid Stones > Bishop Area > Sierra Eastside > California,https://www.mountainproject.com/route/109724323/problem-c,2,-1,Boulder,V-easy,1,12,37.30782,-118.43311,109724323,-1,druid_stones
Problem D,What's The Story Boulder > The Otherworld > Druid Stones > Bishop Area > Sierra Eastside > California,https://www.mountainproject.com/route/109724415/problem-d,2,-1,Boulder,V-easy,1,12,37.30782,-118.43311,109724415,-1,druid_stones
Problem A,Outer Banks Boulder > The Otherworld > Druid Stones > Bishop Area > Sierra Eastside > California,https://www.mountainproject.com/route/109724456/problem-a,1,-1,Boulder,V-easy,1,10,37.30774,-118.43238,109724456,-1,druid_stones
Problem B,Leaning Tower Boulder > The Otherworld > Druid Stones > Bishop Area > Sierra Eastside > California,https://www.mountainproject.com/route/109724474/problem-b,1,-1,Boulder,V-easy,1,10,37.30769,-118.43245,109724474,-1,druid_stones
Problem B,Patina Slab > The Otherworld > Druid Stones > Bishop Area > Sierra Eastside > California,https://www.mountainproject.com/route/109724493/problem-b,1,-1,Boulder,V-easy,1,10,37.30754,-118.43258,109724493,-1,druid_stones
Scales,Eyes Boulder > The Otherworld > Druid Stones > Bishop Area > Sierra Eastside > California,https://www.mountainproject.com/route/109731502/scales,2,-1,Boulder,V-easy,1,,37.30749,-118.43253,109731502,-1,druid_stones
The Eyes,Eyes Boulder > The Otherworld > Druid Stones > Bishop Area > Sierra Eastside > California,https://www.mountainproject.com/route/109731518/the-eyes,3,-1,Boulder,V-easy,1,12,37.30749,-118.43253,109731518,-1,druid_stones
Problem B,Eyes Boulder > The Otherworld > Druid Stones > Bishop Area > Sierra Eastside > California,https://www.mountainproject.com/route/109731525/problem-b,2,-1,Boulder,V-easy,1,10,37.30749,-118.43253,109731525,-1,druid_stones
Lip Traverse,Eyes Boulder > The Otherworld > Druid Stones > Bishop Area > Sierra Eastside > California,https://www.mountainproject.com/route/109731541/lip-traverse,2,-1,Boulder,V-easy,1,15,37.30749,-118.43253,109731541,-1,druid_stones
Norse Crack,Norse Boulder > Long Ship Area > Druid Stones > Bishop Area > Sierra Eastside > California,https://www.mountainproject.com/route/108538714/norse-crack,1,-1,Boulder,V-easy,1,10,37.30705,-118.43774,108538714,-1,druid_stones
Problem A,Norse Boulder > Long Ship Area > Druid Stones > Bishop Area > Sierra Eastside > California,https://www.mountainproject.com/route/112792995/problem-a,1,-1,Boulder,V-easy,1,8,37.30705,-118.43774,112792995,-1,druid_stones
Galar,Granitic Boulder > Arch Drude Area > Druid Stones > Bishop Area > Sierra Eastside > California,https://www.mountainproject.com/route/108593116/galar,2,-1,Boulder,V-easy,1,16,37.30776,-118.4374,108593116,-1,druid_stones
Problem C,Granitic Boulder > Arch Drude Area > Druid Stones > Bishop Area > Sierra Eastside > California,https://www.mountainproject.com/route/108593139/problem-c,1,-1,Boulder,V-easy PG13,1,20,37.30776,-118.4374,108593139,-1,druid_stones
Goi,Helluland > Helluland Area > Druid Stones > Bishop Area > Sierra Eastside > California,https://www.mountainproject.com/route/108620978/goi,2,-1,Boulder,V-easy,1,15,37.30716,-118.43604,108620978,-1,druid_stones
Frilla,Helluland > Helluland Area > Druid Stones > Bishop Area > Sierra Eastside > California,https://www.mountainproject.com/route/108620984/frilla,1,-1,Boulder,V-easy,1,12,37.30716,-118.43604,108620984,-1,druid_stones
Problem B,Helluland > Helluland Area > Druid Stones > Bishop Area > Sierra Eastside > California,https://www.mountainproject.com/route/108620995/problem-b,1,-1,Boulder,V-easy,1,12,37.30716,-118.43604,108620995,-1,druid_stones
Everlasting Soul,Blood Kin Stone > Druid Stone Area > Druid Stones > Bishop Area > Sierra Eastside > California,https://www.mountainproject.com/route/108592991/everlasting-soul,2,-1,Boulder,V0- R,1,20,37.30744,-118.43635,108592991,-0.25,druid_stones
Problem A,Leaning Tower Boulder > The Otherworld > Druid Stones > Bishop Area > Sierra Eastside > California,https://www.mountainproject.com/route/109724468/problem-a,1,-1,Boulder,V0-,1,10,37.30769,-118.43245,109724468,-0.25,druid_stones
Problem A,Eyes Boulder > The Otherworld > Druid Stones > Bishop Area > Sierra Eastside > California,https://www.mountainproject.com/route/109731467/problem-a,1,-1,Boulder,V0-,1,10,37.30749,-118.43253,109731467,-0.25,druid_stones
Dermatitis,Eyes Boulder > The Otherworld > Druid Stones > Bishop Area > Sierra Eastside > California,https://www.mountainproject.com/route/109731485/dermatitis,2,-1,Boulder,V0-,1,12,37.30749,-118.43253,109731485,-0.25,druid_stones
Erik Bloody Axe,The Long Ship > Long Ship Area > Druid Stones > Bishop Area > Sierra Eastside > California,https://www.mountainproject.com/route/107530064/erik-bloody-axe,1,-1,Boulder,V0-,1,15,37.30703,-118.43756,107530064,-0.25,druid_stones
Problem A,Granitic Boulder > Arch Drude Area > Druid Stones > Bishop Area > Sierra Eastside > California,https://www.mountainproject.com/route/108593124/problem-a,1,-1,Boulder,V0-,1,16,37.30776,-118.4374,108593124,-0.25,druid_stones
Wicca Tower,Wicca Tower > Wave Boulder Area > Druid Stones > Bishop Area > Sierra Eastside > California,https://www.mountainproject.com/route/107530006/wicca-tower,2,-1,Boulder,V0-,1,20,37.3076,-118.43503,107530006,-0.25,druid_stones
Sun Circle,Ice Flow > Druid Stone Area > Druid Stones > Bishop Area > Sierra Eastside > California,https://www.mountainproject.com/route/108620905/sun-circle,2,-1,Boulder,V0,1,18,37.30718,-118.43633,108620905,0,druid_stones
Mothers of Perpetual Indulgence,Hall of the Mountain Queens > The Otherworld > Druid Stones > Bishop Area > Sierra Eastside > California,https://www.mountainproject.com/route/109724177/mothers-of-perpetual-indulgence,2.6,-1,Boulder,V0,1,12,37.30792,-118.43255,109724177,0,druid_stones
Erect,Morning Glory Boulder > The Otherworld > Druid Stones > Bishop Area > Sierra Eastside > California,https://www.mountainproject.com/route/109724237/erect,2.5,-1,Boulder,V0,1,15,37.30808,-118.43306,109724237,0,druid_stones
Problem B,What's The Story Boulder > The Otherworld > Druid Stones > Bishop Area > Sierra Eastside > California,https://www.mountainproject.com/route/109724315/problem-b,2,-1,Boulder,V0,1,,37.30782,-118.43311,109724315,0,druid_stones
Problem A,Patina Slab > The Otherworld > Druid Stones > Bishop Area > Sierra Eastside > California,https://www.mountainproject.com/route/109724486/problem-a,2,-1,Boulder,V0,1,10,37.30754,-118.43258,109724486,0,druid_stones
Psoriasis,Eyes Boulder > The Otherworld > Druid Stones > Bishop Area > Sierra Eastside > California,https://www.mountainproject.com/route/109731479/psoriasis,2,-1,Boulder,V0,1,12,37.30749,-118.43253,109731479,0,druid_stones
Erik the Bolder,Erik the Bolder > Long Ship Area > Druid Stones > Bishop Area > Sierra Eastside > California,https://www.mountainproject.com/route/114076668/erik-the-bolder,2,-1,Boulder,V0,1,8,37.3072,-118.43735,114076668,0,druid_stones
The Vibe,Goblin Rock > Thunder Wall Area > Druid Stones > Bishop Area > Sierra Eastside > California,https://www.mountainproject.com/route/108538917/the-vibe,1.8,-1,Boulder,V0,1,10,37.30758,-118.4365,108538917,0,druid_stones
Problem B,William The Vollman > Helluland Area > Druid Stones > Bishop Area > Sierra Eastside > California,https://www.mountainproject.com/route/108620964/problem-b,1,-1,Boulder,V0 PG13,1,20,37.30727,-118.4362,108620964,0,druid_stones
Problem C,William The Vollman > Helluland Area > Druid Stones > Bishop Area > Sierra Eastside > California,https://www.mountainproject.com/route/108620969/problem-c,1,-1,Boulder,V0 PG13,1,20,37.30727,-118.4362,108620969,0,druid_stones
Scoop,Wimmin Cave > Helluland Area > Druid Stones > Bishop Area > Sierra Eastside > California,https://www.mountainproject.com/route/108621085/scoop,3,-1,Boulder,V0,1,10,37.30711,-118.43563,108621085,0,druid_stones
Jormungand,Blood Kin Stone > Druid Stone Area > Druid Stones > Bishop Area > Sierra Eastside > California,https://www.mountainproject.com/route/107032686/jormungand,2.7,-1,Boulder,V0+ R,1,20,37.30744,-118.43635,107032686,0.5,druid_stones
Celtic Soul Rebel,Erik the Bolder > Long Ship Area > Druid Stones > Bishop Area > Sierra Eastside > California,https://www.mountainproject.com/route/114076678/celtic-soul-rebel,2,-1,Boulder,V0+,1,9,37.3072,-118.43735,114076678,0.25,druid_stones
Antiquities of Cornwall,Slab Boulder > Thunder Wall Area > Druid Stones > Bishop Area > Sierra Eastside > California,https://www.mountainproject.com/route/108538842/antiquities-of-cornwall,1.5,-1,Boulder,V0+,1,15,37.30753,-118.43634,108538842,0.25,druid_stones
Unnamed,Erik the Bolder > Long Ship Area > Druid Stones > Bishop Area > Sierra Eastside > California,https://www.mountainproject.com/route/114076685/unnamed,2,-1,Boulder,V0-1,1,8,37.3072,-118.43735,114076685,0.5,druid_stones
Problem A,Helluland > Helluland Area > Druid Stones > Bishop Area > Sierra Eastside > California,https://www.mountainproject.com/route/108620989/problem-a,2,-1,Boulder,V1-,1,12,37.30716,-118.43604,108620989,0.75,druid_stones
Toxygene,Sacrificial Boulder > Druid Stones > Bishop Area > Sierra Eastside > California,https://www.mountainproject.com/route/107203693/toxygene,1.5,-1,Boulder,V1,1,,37.30698,-118.43702,107203693,1,druid_stones
Blood Kin,Blood Kin Stone > Druid Stone Area > Druid Stones > Bishop Area > Sierra Eastside > California,https://www.mountainproject.com/route/107032693/blood-kin,3.6,-1,Boulder,V1,1,18,37.30744,-118.43635,107032693,1,druid_stones
Problem A,Golden Child Wall > Druid Stone Area > Druid Stones > Bishop Area > Sierra Eastside > California,https://www.mountainproject.com/route/108592923/problem-a,1.5,-1,Boulder,V1 PG13,1,16,37.30733,-118.4365,108592923,1,druid_stones
Frey,Odin's Cave > Druid Stone Area > Druid Stones > Bishop Area > Sierra Eastside > California,https://www.mountainproject.com/route/108620684/frey,1,-1,Boulder,V1 PG13,1,16,37.30736,-118.43648,108620684,1,druid_stones
Head Butt,Hall of the Mountain Queens > The Otherworld > Druid Stones > Bishop Area > Sierra Eastside > California,https://www.mountainproject.com/route/106317426/head-butt,2.9,-1,Boulder,V1,1,,37.30792,-118.43255,106317426,1,druid_stones
You Can Cry If You Want To,Hall of the Mountain Queens > The Otherworld > Druid Stones > Bishop Area > Sierra Eastside > California,https://www.mountainproject.com/route/107032732/you-can-cry-if-you-want-to,2.8,-1,Boulder,V1,1,15,37.30792,-118.43255,107032732,1,druid_stones
There Is No Party (Right),Hall of the Mountain Queens > The Otherworld > Druid Stones > Bishop Area > Sierra Eastside > California,https://www.mountainproject.com/route/107032743/there-is-no-party-right,2.9,-1,Boulder,V1,1,15,37.30792,-118.43255,107032743,1,druid_stones
Problem A,What's The Story Boulder > The Otherworld > Druid Stones > Bishop Area > Sierra Eastside > California,https://www.mountainproject.com/route/109724305/problem-a,1,-1,Boulder,V1,1,10,37.30782,-118.43311,109724305,1,druid_stones
Hueco Problem,Eyes Boulder > The Otherworld > Druid Stones > Bishop Area > Sierra Eastside > California,https://www.mountainproject.com/route/109731547/hueco-problem,2,-1,Boulder,V1,1,12,37.30749,-118.43253,109731547,1,druid_stones
Mister Gorgeous,The Long Ship > Long Ship Area > Druid Stones > Bishop Area > Sierra Eastside > California,https://www.mountainproject.com/route/114076715/mister-gorgeous,2,-1,Boulder,V1 PG13,1,20,37.30703,-118.43756,114076715,1,druid_stones
Gunhild,The Long Ship > Long Ship Area > Druid Stones > Bishop Area > Sierra Eastside > California,https://www.mountainproject.com/route/114076732/gunhild,2,-1,Boulder,V1,1,15,37.30703,-118.43756,114076732,1,druid_stones
Finland,Finland Boulder > Arch Drude Area > Druid Stones > Bishop Area > Sierra Eastside > California,https://www.mountainproject.com/route/108593042/finland,2,-1,Boulder,V1,1,25,37.30761,-118.43721,108593042,1,druid_stones
Stavros,Kojak Boulder > Wave Boulder Area > Druid Stones > Bishop Area > Sierra Eastside > California,https://www.mountainproject.com/route/107203702/stavros,1.8,-1,Boulder,V1,1,6,37.3071,-118.435,107203702,1,druid_stones
Problem A,Hall of the Mountain Queens > The Otherworld > Druid Stones > Bishop Area > Sierra Eastside > California,https://www.mountainproject.com/route/112348224/problem-a,3,-1,Boulder,V1+,1,15,37.30792,-118.43255,112348224,1.25,druid_stones
Through the Heart,Sacrificial Boulder > Druid Stones > Bishop Area > Sierra Eastside > California,https://www.mountainproject.com/route/106126770/through-the-heart,2.1,-1,Boulder,V1-2,1,12,37.30698,-118.43702,106126770,1.5,druid_stones
On a Whim,Wimmin Cave > Helluland Area > Druid Stones > Bishop Area > Sierra Eastside > California,https://www.mountainproject.com/route/114101179/on-a-whim,2,-1,Boulder,V1-2,1,8,37.30711,-118.43563,114101179,1.5,druid_stones
"Woodman, Woodman...",Sacrificial Boulder > Druid Stones > Bishop Area > Sierra Eastside > California,https://www.mountainproject.com/route/106279116/woodman-woodman,1.5,-1,Boulder,V2 PG13,1,15,37.30698,-118.43702,106279116,2,druid_stones
Trollkind,Sacrificial Boulder > Druid Stones > Bishop Area > Sierra Eastside > California,https://www.mountainproject.com/route/114101259/trollkind,1.5,-1,Boulder,V2,1,6,37.30698,-118.43702,114101259,2,druid_stones
Well of Weird,Golden Child Wall > Druid Stone Area > Druid Stones > Bishop Area > Sierra Eastside > California,https://www.mountainproject.com/route/108592930/well-of-weird,2,-1,Boulder,V2,1,16,37.30733,-118.4365,108592930,2,druid_stones
Winter Sun,Ice Flow > Druid Stone Area > Druid Stones > Bishop Area > Sierra Eastside > California,https://www.mountainproject.com/route/108620915/winter-sun,2.5,-1,Boulder,V2,1,12,37.30718,-118.43633,108620915,2,druid_stones
The Ice Shirt,Ice Flow > Druid Stone Area > Druid Stones > Bishop Area > Sierra Eastside > California,https://www.mountainproject.com/route/108620929/the-ice-shirt,1,-1,Boulder,V2 PG13,1,15,37.30718,-118.43633,108620929,2,druid_stones
There Is No Party (Left Variation),Hall of the Mountain Queens > The Otherworld > Druid Stones > Bishop Area > Sierra Eastside > California,https://www.mountainproject.com/route/107032753/there-is-no-party-left-variation,3,-1,Boulder,V2,1,15,37.30792,-118.43255,107032753,2,druid_stones
Pretty In Pink,Hall of the Mountain Queens > The Otherworld > Druid Stones > Bishop Area > Sierra Eastside > California,https://www.mountainproject.com/route/107032758/pretty-in-pink,3.1,-1,Boulder,V2,1,12,37.30792,-118.43255,107032758,2,druid_stones
On The Edge,Izzy Boulder > The Otherworld > Druid Stones > Bishop Area > Sierra Eastside > California,https://www.mountainproject.com/route/109724265/on-the-edge,2,-1,Boulder,V2,1,15,37.30782,-118.43321,109724265,2,druid_stones
If It's Not Norse It's Scottish,Norse Boulder > Long Ship Area > Druid Stones > Bishop Area > Sierra Eastside > California,https://www.mountainproject.com/route/108538721/if-its-not-norse-its-scottish,2,-1,Boulder,V2,1,8,37.30705,-118.43774,108538721,2,druid_stones
Roman Nose,White Man's Overbite Boulder > Skye Stone Area > Druid Stones > Bishop Area > Sierra Eastside > California,https://www.mountainproject.com/route/112529664/roman-nose,2,-1,Boulder,V2,1,,37.30766,-118.43622,112529664,2,druid_stones
Able-Bodied Goblin,Goblin Rock > Thunder Wall Area > Druid Stones > Bishop Area > Sierra Eastside > California,https://www.mountainproject.com/route/112529729/able-bodied-goblin,2.2,-1,Boulder,V2,1,8,37.30758,-118.4365,112529729,2,druid_stones
E3 5c,Finlandia Slab Boulder > Arch Drude Area > Druid Stones > Bishop Area > Sierra Eastside > California,https://www.mountainproject.com/route/108593029/e3-5c,1,-1,Boulder,V2,1,20,37.30758,-118.43728,108593029,2,druid_stones
Problem B,Granitic Boulder > Arch Drude Area > Druid Stones > Bishop Area > Sierra Eastside > California,https://www.mountainproject.com/route/108593131/problem-b,1,-1,Boulder,V2,1,16,37.30776,-118.4374,108593131,2,druid_stones
Problem A,William The Vollman > Helluland Area > Druid Stones > Bishop Area > Sierra Eastside > California,https://www.mountainproject.com/route/108620958/problem-a,1,-1,Boulder,V2 R,1,20,37.30727,-118.4362,108620958,2.25,druid_stones
Death Mantel,Helluland > Helluland Area > Druid Stones > Bishop Area > Sierra Eastside > California,https://www.mountainproject.com/route/108621000/death-mantel,1,-1,Boulder,V2 PG13,1,10,37.30716,-118.43604,108621000,2,druid_stones
Re-write History,Wave Boulder > Wave Boulder Area > Druid Stones > Bishop Area > Sierra Eastside > California,https://www.mountainproject.com/route/108621092/re-write-history,1,-1,Boulder,V2,1,15,37.30711,-118.43541,108621092,2,druid_stones
Problem A,Kojak Boulder > Wave Boulder Area > Druid Stones > Bishop Area > Sierra Eastside > California,https://www.mountainproject.com/route/108621120/problem-a,1,-1,Boulder,V2,1,,37.3071,-118.435,108621120,2,druid_stones
Yggdrassil,Golden Child Wall > Druid Stone Area > Druid Stones > Bishop Area > Sierra Eastside > California,https://www.mountainproject.com/route/108592941/yggdrassil,1.7,-1,Boulder,V2+,1,16,37.30733,-118.4365,108592941,2.25,druid_stones
Ainvar,Goblin Rock > Thunder Wall Area > Druid Stones > Bishop Area > Sierra Eastside > California,https://www.mountainproject.com/route/108538909/ainvar,1.9,-1,Boulder,V2+,1,8,37.30758,-118.4365,108538909,2.25,druid_stones
Fear of the Unknown,Sacrificial Boulder > Druid Stones > Bishop Area > Sierra Eastside > California,https://www.mountainproject.com/route/107009299/fear-of-the-unknown,3.5,-1,Boulder,V3 PG13,1,17,37.30698,-118.43702,107009299,3,druid_stones
Netherworld,Hall of the Mountain Queens > The Otherworld > Druid Stones > Bishop Area > Sierra Eastside > California,https://www.mountainproject.com/route/109724071/netherworld,2,-1,Boulder,V3,1,10,37.30792,-118.43255,109724071,3,druid_stones
Good World,Hall of the Mountain Queens > The Otherworld > Druid Stones > Bishop Area > Sierra Eastside > California,https://www.mountainproject.com/route/109724172/good-world,2.5,-1,Boulder,V3,1,10,37.30792,-118.43255,109724172,3,druid_stones
There is no Party Left (variation),Hall of the Mountain Queens > The Otherworld > Druid Stones > Bishop Area > Sierra Eastside > California,https://www.mountainproject.com/route/109724191/there-is-no-party-left-variation,2.8,-1,Boulder,V3,1,15,37.30792,-118.43255,109724191,3,druid_stones
Thunder,Thunder Wall Boulder > Thunder Wall Area > Druid Stones > Bishop Area > Sierra Eastside > California,https://www.mountainproject.com/route/106079188/thunder,3.4,-1,Boulder,V3,1,11,37.30761,-118.43628,106079188,3,druid_stones
Missack,MIssack > Helluland Area > Druid Stones > Bishop Area > Sierra Eastside > California,https://www.mountainproject.com/route/108621009/missack,2,-1,Boulder,V3,1,12,37.30711,-118.43566,108621009,3,druid_stones
Who Love's Ya Baby?,Kojak Boulder > Wave Boulder Area > Druid Stones > Bishop Area > Sierra Eastside > California,https://www.mountainproject.com/route/107203687/who-loves-ya-baby,2.4,-1,Boulder,V3,1,,37.3071,-118.435,107203687,3,druid_stones
Lollipop,Kojak Boulder > Wave Boulder Area > Druid Stones > Bishop Area > Sierra Eastside > California,https://www.mountainproject.com/route/108621114/lollipop,1.5,-1,Boulder,V3,1,10,37.3071,-118.435,108621114,3,druid_stones
Halfway House,Trailside Boulder > Druid Stones > Bishop Area > Sierra Eastside > California,https://www.mountainproject.com/route/112776229/halfway-house,2,-1,Boulder,V3,1,15,37.30959,-118.4361,112776229,3,druid_stones
Blood Kin Sit,Blood Kin Stone > Druid Stone Area > Druid Stones > Bishop Area > Sierra Eastside > California,https://www.mountainproject.com/route/107032713/blood-kin-sit,3,-1,Boulder,V4,1,18,37.30744,-118.43635,107032713,4,druid_stones
Truth Crushed to Earth Will Rise Again,Odin's Cave > Druid Stone Area > Druid Stones > Bishop Area > Sierra Eastside > California,https://www.mountainproject.com/route/108592964/truth-crushed-to-earth-will-rise-again,2,-1,Boulder,V4,1,15,37.30736,-118.43648,108592964,4,druid_stones
Sheep Cat Lives On,Odin's Cave > Druid Stone Area > Druid Stones > Bishop Area > Sierra Eastside > California,https://www.mountainproject.com/route/108620741/sheep-cat-lives-on,2,-1,Boulder,V4 R,1,25,37.30736,-118.43648,108620741,4.25,druid_stones
Problem A,Odin's Cave > Druid Stone Area > Druid Stones > Bishop Area > Sierra Eastside > California,https://www.mountainproject.com/route/108620746/problem-a,1,-1,Boulder,V4,1,12,37.30736,-118.43648,108620746,4,druid_stones
Dreams of Winter,Ice Flow > Druid Stone Area > Druid Stones > Bishop Area > Sierra Eastside > California,https://www.mountainproject.com/route/108620922/dreams-of-winter,2,-1,Boulder,V4,1,15,37.30718,-118.43633,108620922,4,druid_stones
Pretty in Pink - Left Variation,Hall of the Mountain Queens > The Otherworld > Druid Stones > Bishop Area > Sierra Eastside > California,https://www.mountainproject.com/route/109724183/pretty-in-pink-left-variation,2.8,-1,Boulder,V4,1,15,37.30792,-118.43255,109724183,4,druid_stones
Freek Flag,Hall of the Mountain Queens > The Otherworld > Druid Stones > Bishop Area > Sierra Eastside > California,https://www.mountainproject.com/route/109724206/freek-flag,2.2,-1,Boulder,V4,1,15,37.30792,-118.43255,109724206,4,druid_stones
Morning Glory,Morning Glory Boulder > The Otherworld > Druid Stones > Bishop Area > Sierra Eastside > California,https://www.mountainproject.com/route/112519639/morning-glory,4,-1,Boulder,V4,1,18,37.30808,-118.43306,112519639,4,druid_stones
Afternoon Delight,Morning Glory Boulder > The Otherworld > Druid Stones > Bishop Area > Sierra Eastside > California,https://www.mountainproject.com/route/112519880/afternoon-delight,2,-1,Boulder,V4,1,19,37.30808,-118.43306,112519880,4,druid_stones
Izzy Lizzy,Izzy Boulder > The Otherworld > Druid Stones > Bishop Area > Sierra Eastside > California,https://www.mountainproject.com/route/109724272/izzy-lizzy,4,-1,Boulder,V4,1,15,37.30782,-118.43321,109724272,4,druid_stones
Brother Law,All Fired Up Boulder > Skye Stone Area > Druid Stones > Bishop Area > Sierra Eastside > California,https://www.mountainproject.com/route/112776962/brother-law,2.7,-1,Boulder,V4,1,10,37.30764,-118.4361,112776962,4,druid_stones
White Man's Overbite,White Man's Overbite Boulder > Skye Stone Area > Druid Stones > Bishop Area > Sierra Eastside > California,https://www.mountainproject.com/route/112529636/white-mans-overbite,2,-1,Boulder,V4,1,,37.30766,-118.43622,112529636,4,druid_stones
Kredulf,Thunder Wall Boulder > Thunder Wall Area > Druid Stones > Bishop Area > Sierra Eastside > California,https://www.mountainproject.com/route/106079179/kredulf,3.8,-1,Boulder,V4,1,12,37.30761,-118.43628,106079179,4,druid_stones
Spoiled Blond,Goblin Rock > Thunder Wall Area > Druid Stones > Bishop Area > Sierra Eastside > California,https://www.mountainproject.com/route/112520755/spoiled-blond,2.9,-1,Boulder,V4,1,8,37.30758,-118.4365,112520755,4,druid_stones
A Maid of Constant Sorrow,Goblin Rock > Thunder Wall Area > Druid Stones > Bishop Area > Sierra Eastside > California,https://www.mountainproject.com/route/114101002/a-maid-of-constant-sorrow,2,-1,Boulder,V4,1,10,37.30758,-118.4365,114101002,4,druid_stones
Wimmin of Climbing,Wimmin Cave > Helluland Area > Druid Stones > Bishop Area > Sierra Eastside > California,https://www.mountainproject.com/route/108621025/wimmin-of-climbing,1,-1,Boulder,V4,1,8,37.30711,-118.43563,108621025,4,druid_stones
The Hidden Value of a Cheap Thrill,Wave Boulder > Wave Boulder Area > Druid Stones > Bishop Area > Sierra Eastside > California,https://www.mountainproject.com/route/108621125/the-hidden-value-of-a-cheap-thrill,1,-1,Boulder,V4,1,10,37.30711,-118.43541,108621125,4,druid_stones
Kojakian Wisdom Reworked,Kojak Boulder > Wave Boulder Area > Druid Stones > Bishop Area > Sierra Eastside > California,https://www.mountainproject.com/route/108621109/kojakian-wisdom-reworked,3,-1,Boulder,V4,1,16,37.3071,-118.435,108621109,4,druid_stones
Chaps,Shock Therapy Boulder > Druid Stones > Bishop Area > Sierra Eastside > California,https://www.mountainproject.com/route/114101268/chaps,2,-1,Boulder,V4,1,10,37.30751,-118.43589,114101268,4,druid_stones
Vinland,Odin's Cave > Druid Stone Area > Druid Stones > Bishop Area > Sierra Eastside > California,https://www.mountainproject.com/route/108592983/vinland,1,-1,Boulder,V4+,1,12,37.30736,-118.43648,108592983,4.25,druid_stones
Arch Drude,Arch Drude Boulder > Arch Drude Area > Druid Stones > Bishop Area > Sierra Eastside > California,https://www.mountainproject.com/route/107205673/arch-drude,3.7,-1,Boulder,V5-,1,18,37.3074,-118.4372,107205673,4.75,druid_stones
Fear of the Unknown (Sit),Sacrificial Boulder > Druid Stones > Bishop Area > Sierra Eastside > California,https://www.mountainproject.com/route/107018224/fear-of-the-unknown-sit,3,-1,Boulder,V5 PG13,1,17,37.30698,-118.43702,107018224,5,druid_stones
Sloth Stand Start,Sacrificial Boulder > Druid Stones > Bishop Area > Sierra Eastside > California,https://www.mountainproject.com/route/107203656/sloth-stand-start,2,-1,Boulder,V5,1,,37.30698,-118.43702,107203656,5,druid_stones
Prostrate to the Higher Mind,Thunder Wall Boulder > Thunder Wall Area > Druid Stones > Bishop Area > Sierra Eastside > California,https://www.mountainproject.com/route/106123695/prostrate-to-the-higher-mind,2.8,-1,Boulder,V5,1,12,37.30761,-118.43628,106123695,5,druid_stones
Arch Drude (Left Start),Arch Drude Boulder > Arch Drude Area > Druid Stones > Bishop Area > Sierra Eastside > California,https://www.mountainproject.com/route/108559707/arch-drude-left-start,3.8,-1,Boulder,V5,1,18,37.3074,-118.4372,108559707,5,druid_stones
Flawed Genius,Arch Drude Boulder > Arch Drude Area > Druid Stones > Bishop Area > Sierra Eastside > California,https://www.mountainproject.com/route/108593019/flawed-genius,2.6,-1,Boulder,V5,1,15,37.3074,-118.4372,108593019,5,druid_stones
Hook Line and Sinker,Wave Boulder > Wave Boulder Area > Druid Stones > Bishop Area > Sierra Eastside > California,https://www.mountainproject.com/route/107203666/hook-line-and-sinker,3,-1,Boulder,V5,1,12,37.30711,-118.43541,107203666,5,druid_stones
Suspenders,Wave Boulder > Wave Boulder Area > Druid Stones > Bishop Area > Sierra Eastside > California,https://www.mountainproject.com/route/107203672/suspenders,3.2,-1,Boulder,V5,1,15,37.30711,-118.43541,107203672,5,druid_stones
The Handcuff Manual,Shock Therapy Boulder > Druid Stones > Bishop Area > Sierra Eastside > California,https://www.mountainproject.com/route/114066762/the-handcuff-manual,2,-1,Boulder,V5,1,13,37.30751,-118.43589,114066762,5,druid_stones
Puberty,Puberty Boulder > Arch Drude Area > Druid Stones > Bishop Area > Sierra Eastside > California,https://www.mountainproject.com/route/114101341/puberty,2,-1,Boulder,V5-6,1,4,37.30787,-118.43748,114101341,5.5,druid_stones
The Greatest Imperfection...,Sacrificial Boulder > Druid Stones > Bishop Area > Sierra Eastside > California,https://www.mountainproject.com/route/108559728/the-greatest-imperfection,2.8,-1,Boulder,V6 PG13,1,17,37.30698,-118.43702,108559728,6,druid_stones
Pleiades,Odin's Cave > Druid Stone Area > Druid Stones > Bishop Area > Sierra Eastside > California,https://www.mountainproject.com/route/108592976/pleiades,2,-1,Boulder,V6,1,12,37.30736,-118.43648,108592976,6,druid_stones
Skye Dance,Skye Stone > Skye Stone Area > Druid Stones > Bishop Area > Sierra Eastside > California,https://www.mountainproject.com/route/106079071/skye-dance,3.8,-1,Boulder,V6,1,18,37.30766,-118.43605,106079071,6,druid_stones
McCallum,Skye Stone > Skye Stone Area > Druid Stones > Bishop Area > Sierra Eastside > California,https://www.mountainproject.com/route/112523256/mccallum,3.5,-1,Boulder,V6,1,21,37.30766,-118.43605,112523256,6,druid_stones
Guilty Conscience,Skye Stone > Skye Stone Area > Druid Stones > Bishop Area > Sierra Eastside > California,https://www.mountainproject.com/route/112523312/guilty-conscience,3,-1,Boulder,V6,1,18,37.30766,-118.43605,112523312,6,druid_stones
Natural Philosophy,Thunder Wall Boulder > Thunder Wall Area > Druid Stones > Bishop Area > Sierra Eastside > California,https://www.mountainproject.com/route/106079231/natural-philosophy,2,-1,Boulder,V6,1,10,37.30761,-118.43628,106079231,6,druid_stones
Poltergeist,Blood Kin Stone > Druid Stone Area > Druid Stones > Bishop Area > Sierra Eastside > California,https://www.mountainproject.com/route/108034398/poltergeist,2.3,-1,Boulder,V7-,1,,37.30744,-118.43635,108034398,6.75,druid_stones
Cayla,Skye Stone > Skye Stone Area > Druid Stones > Bishop Area > Sierra Eastside > California,https://www.mountainproject.com/route/106322946/cayla,3.9,-1,Boulder,V7,1,16,37.30766,-118.43605,106322946,7,druid_stones
All Fired Up,All Fired Up Boulder > Skye Stone Area > Druid Stones > Bishop Area > Sierra Eastside > California,https://www.mountainproject.com/route/107205724/all-fired-up,3.6,-1,Boulder,V7,1,13,37.30764,-118.4361,107205724,7,druid_stones
Denton's Diversion,Thunder Wall Boulder > Thunder Wall Area > Druid Stones > Bishop Area > Sierra Eastside > California,https://www.mountainproject.com/route/106563938/dentons-diversion,2.8,-1,Boulder,V7,1,,37.30761,-118.43628,106563938,7,druid_stones
Soul Window,Skye Stone > Skye Stone Area > Druid Stones > Bishop Area > Sierra Eastside > California,https://www.mountainproject.com/route/112523224/soul-window,2.5,-1,Boulder,V8,1,18,37.30766,-118.43605,112523224,8,druid_stones
Through the Window,Skye Stone > Skye Stone Area > Druid Stones > Bishop Area > Sierra Eastside > California,https://www.mountainproject.com/route/112523238/through-the-window,3,-1,Boulder,V8,1,18,37.30766,-118.43605,112523238,8,druid_stones
Old Ei,Thunder Wall Boulder > Thunder Wall Area > Druid Stones > Bishop Area > Sierra Eastside > California,https://www.mountainproject.com/route/112523180/old-ei,3.5,-1,Boulder,V8,1,,37.30761,-118.43628,112523180,8,druid_stones
Red Light District,Wave Boulder > Wave Boulder Area > Druid Stones > Bishop Area > Sierra Eastside > California,https://www.mountainproject.com/route/107205646/red-light-district,2,-1,Boulder,V8,1,16,37.30711,-118.43541,107205646,8,druid_stones
Days of Blunder,Thunder Wall Boulder > Thunder Wall Area > Druid Stones > Bishop Area > Sierra Eastside > California,https://www.mountainproject.com/route/106079201/days-of-blunder,2,-1,Boulder,V8-9,1,15,37.30761,-118.43628,106079201,8.5,druid_stones
Golden Child,Golden Child Wall > Druid Stone Area > Druid Stones > Bishop Area > Sierra Eastside > California,https://www.mountainproject.com/route/106126834/golden-child,3,-1,Boulder,V9,1,15,37.30733,-118.4365,106126834,9,druid_stones
Lizard Therapy,Shock Therapy Boulder > Druid Stones > Bishop Area > Sierra Eastside > California,https://www.mountainproject.com/route/112573520/lizard-therapy,4,-1,Boulder,V9,1,12,37.30751,-118.43589,112573520,9,druid_stones
The Sloth,Sacrificial Boulder > Druid Stones > Bishop Area > Sierra Eastside > California,https://www.mountainproject.com/route/114059031/the-sloth,3,-1,Boulder,V9+ PG13,1,19,37.30698,-118.43702,114059031,9.25,druid_stones
Shock Therapy,Shock Therapy Boulder > Druid Stones > Bishop Area > Sierra Eastside > California,https://www.mountainproject.com/route/114101201/shock-therapy,1,-1,Boulder,V9-10,1,12,37.30751,-118.43589,114101201,9.5,druid_stones
Denton's Remorse,Thunder Wall Boulder > Thunder Wall Area > Druid Stones > Bishop Area > Sierra Eastside > California,https://www.mountainproject.com/route/112523189/dentons-remorse,3.5,-1,Boulder,V10,1,20,37.30761,-118.43628,112523189,10,druid_stones
Sleipnir,Odin's Cave > Druid Stone Area > Druid Stones > Bishop Area > Sierra Eastside > California,https://www.mountainproject.com/route/114101331/sleipnir,2,-1,Boulder,V11,1,28,37.30736,-118.43648,114101331,11,druid_stones
Denton Calhoun,Thunder Wall Boulder > Thunder Wall Area > Druid Stones > Bishop Area > Sierra Eastside > California,https://www.mountainproject.com/route/106079174/denton-calhoun,3,-1,Boulder,V11,1,20,37.30761,-118.43628,106079174,11,druid_stones
Gasperini,Skye Stone > Skye Stone Area > Druid Stones > Bishop Area > Sierra Eastside > California,https://www.mountainproject.com/route/114076384/gasperini,3,-1,Boulder,V11-12,1,15,37.30766,-118.43605,114076384,11.5,druid_stones
Lounge Lizards,Shock Therapy Boulder > Druid Stones > Bishop Area > Sierra Eastside > California,https://www.mountainproject.com/route/112574811/lounge-lizards,3,-1,Boulder,V12 PG13,1,14,37.30751,-118.43589,112574811,12,druid_stones
