Route,Location,URL,"Avg Stars","Your Stars","Route Type",Rating,Pitches,Length,"Area Latitude","Area Longitude"
"Behind the Mothership","Ice Caves > Sad Boulders > Volcanic Tablelands (Happy/Sad Boulders) > Bishop Area > Sierra Eastside > California",https://www.mountainproject.com/route/106340986/behind-the-mothership,1.8,-1,Boulder,V-easy,1,15,37.42254,-118.43364
"The Hysterical Bear Incident","Jerry Falwell Boulder > Prozac Nation Bluffs > Sad Boulders > Volcanic Tablelands (Happy/Sad Boulders) > Bishop Area > Sierra Eastside > California",https://www.mountainproject.com/route/106642810/the-hysterical-bear-incident,1.0,-1,Boulder,V-easy,1,12,37.42324,-118.43279
"Low-Angle Arete","Hauck a Loogie Boulder > Ice Caves, Outer Area > Sad Boulders > Volcanic Tablelands (Happy/Sad Boulders) > Bishop Area > Sierra Eastside > California",https://www.mountainproject.com/route/106637336/low-angle-arete,1.3,-1,Boulder,V-easy,1,10,37.42232,-118.43364
Flush,"Eastern Rim > Ice Caves, Outer Area > Sad Boulders > Volcanic Tablelands (Happy/Sad Boulders) > Bishop Area > Sierra Eastside > California",https://www.mountainproject.com/route/106669817/flush,2.7,-1,Boulder,V-easy,1,8,37.42232,-118.43364
"Hands On Slab","Water Colors Alcove > Pow Pow Area > Sad Boulders > Volcanic Tablelands (Happy/Sad Boulders) > Bishop Area > Sierra Eastside > California",https://www.mountainproject.com/route/106643024/hands-on-slab,2.0,-1,Boulder,V-easy,1,8,37.42112,-118.43318
Flake,"Sad Parrot Boulder > Sad Parrot Area > Sad Boulders > Volcanic Tablelands (Happy/Sad Boulders) > Bishop Area > Sierra Eastside > California",https://www.mountainproject.com/route/106739980/flake,1.8,-1,Boulder,V-easy,1,10,37.4217,-118.43308
Unnamed,"Central Joyless Area > Sad Boulders > Volcanic Tablelands (Happy/Sad Boulders) > Bishop Area > Sierra Eastside > California",https://www.mountainproject.com/route/106108593/unnamed,1.1,-1,Boulder,V0-,1,12,37.41759,-118.43276
"Brown Slab","Brown Slab > Sad Boulders > Volcanic Tablelands (Happy/Sad Boulders) > Bishop Area > Sierra Eastside > California",https://www.mountainproject.com/route/106108658/brown-slab,2.3,-1,Boulder,"V0- PG13",1,15,37.4191,-118.434
"The Arete","Flake Boulder > Misery Area > Sad Boulders > Volcanic Tablelands (Happy/Sad Boulders) > Bishop Area > Sierra Eastside > California",https://www.mountainproject.com/route/106954490/the-arete,2.8,-1,Boulder,V0-,1,12,37.41759,-118.43276
Fingercrack,"Ice Caves > Sad Boulders > Volcanic Tablelands (Happy/Sad Boulders) > Bishop Area > Sierra Eastside > California",https://www.mountainproject.com/route/111648845/fingercrack,2.9,-1,Boulder,V0,1,15,37.42254,-118.43364
"China Doll","Molly Area > Sad Boulders > Volcanic Tablelands (Happy/Sad Boulders) > Bishop Area > Sierra Eastside > California",https://www.mountainproject.com/route/106617251/china-doll,3.3,-1,Boulder,V0,1,18,37.42075,-118.43391
"Girl Call","Molly Area > Sad Boulders > Volcanic Tablelands (Happy/Sad Boulders) > Bishop Area > Sierra Eastside > California",https://www.mountainproject.com/route/107018232/girl-call,2.4,-1,Boulder,V0,1,20,37.42075,-118.43391
Mothers,"Molly Area > Sad Boulders > Volcanic Tablelands (Happy/Sad Boulders) > Bishop Area > Sierra Eastside > California",https://www.mountainproject.com/route/107566457/mothers,2.3,-1,Boulder,V0,1,,37.42075,-118.43391
Spacehopper,"Central Joyless Area > Sad Boulders > Volcanic Tablelands (Happy/Sad Boulders) > Bishop Area > Sierra Eastside > California",https://www.mountainproject.com/route/106108578/spacehopper,1.8,-1,Boulder,V0,1,15,37.41759,-118.43276
"Bouncing Babies","Central Joyless Area > Sad Boulders > Volcanic Tablelands (Happy/Sad Boulders) > Bishop Area > Sierra Eastside > California",https://www.mountainproject.com/route/106108586/bouncing-babies,1.5,-1,Boulder,V0,1,12,37.41759,-118.43276
"Unnamed 1","Brown Slab > Sad Boulders > Volcanic Tablelands (Happy/Sad Boulders) > Bishop Area > Sierra Eastside > California",https://www.mountainproject.com/route/106108644/unnamed-1,2.0,-1,Boulder,V0,1,12,37.4191,-118.434
"The Crack","The Snapper Boulder > Prozac Nation Bluffs > Sad Boulders > Volcanic Tablelands (Happy/Sad Boulders) > Bishop Area > Sierra Eastside > California",https://www.mountainproject.com/route/106642866/the-crack,1.4,-1,Boulder,V0,1,12,37.42324,-118.43279
"Crack and Wall","The Snapper Boulder > Prozac Nation Bluffs > Sad Boulders > Volcanic Tablelands (Happy/Sad Boulders) > Bishop Area > Sierra Eastside > California",https://www.mountainproject.com/route/106642886/crack-and-wall,1.5,-1,Boulder,V0,1,12,37.42324,-118.43279
"What Mick Missed","The Snapper Boulder > Prozac Nation Bluffs > Sad Boulders > Volcanic Tablelands (Happy/Sad Boulders) > Bishop Area > Sierra Eastside > California",https://www.mountainproject.com/route/106642896/what-mick-missed,1.5,-1,Boulder,V0,1,12,37.42324,-118.43279
"Bishop Bomber / Pound Sign","Bomber Boulders > Prozac Nation Bluffs > Sad Boulders > Volcanic Tablelands (Happy/Sad Boulders) > Bishop Area > Sierra Eastside > California",https://www.mountainproject.com/route/106642953/bishop-bomber-pound-sign,1.0,-1,Boulder,V0,1,12,37.42324,-118.43279
"Caveat Emptor","Bomber Boulders > Prozac Nation Bluffs > Sad Boulders > Volcanic Tablelands (Happy/Sad Boulders) > Bishop Area > Sierra Eastside > California",https://www.mountainproject.com/route/106642958/caveat-emptor,2.0,-1,Boulder,V0,1,12,37.42324,-118.43279
"Teen Angst","Bomber Boulders > Prozac Nation Bluffs > Sad Boulders > Volcanic Tablelands (Happy/Sad Boulders) > Bishop Area > Sierra Eastside > California",https://www.mountainproject.com/route/106642972/teen-angst,0.0,-1,Boulder,V0,1,12,37.42324,-118.43279
"Lonely Teenage Bedroom","Bomber Boulders > Prozac Nation Bluffs > Sad Boulders > Volcanic Tablelands (Happy/Sad Boulders) > Bishop Area > Sierra Eastside > California",https://www.mountainproject.com/route/106642980/lonely-teenage-bedroom,1.0,-1,Boulder,V0,1,12,37.42324,-118.43279
"Funkadella Bdelia","Shorty Boulder > Ice Caves, Outer Area > Sad Boulders > Volcanic Tablelands (Happy/Sad Boulders) > Bishop Area > Sierra Eastside > California",https://www.mountainproject.com/route/106669872/funkadella-bdelia,1.7,-1,Boulder,V0,1,8,37.42232,-118.43364
Parliament,"Shorty Boulder > Ice Caves, Outer Area > Sad Boulders > Volcanic Tablelands (Happy/Sad Boulders) > Bishop Area > Sierra Eastside > California",https://www.mountainproject.com/route/106669877/parliament,1.7,-1,Boulder,V0,1,8,37.42232,-118.43364
"Problem A","Shorty Boulder > Ice Caves, Outer Area > Sad Boulders > Volcanic Tablelands (Happy/Sad Boulders) > Bishop Area > Sierra Eastside > California",https://www.mountainproject.com/route/106669883/problem-a,1.5,-1,Boulder,V0,1,8,37.42232,-118.43364
"Hands Free Slab","Water Colors Alcove > Pow Pow Area > Sad Boulders > Volcanic Tablelands (Happy/Sad Boulders) > Bishop Area > Sierra Eastside > California",https://www.mountainproject.com/route/106643017/hands-free-slab,2.6,-1,Boulder,V0,1,8,37.42112,-118.43318
"The Flake Crack","Flake Boulder > Misery Area > Sad Boulders > Volcanic Tablelands (Happy/Sad Boulders) > Bishop Area > Sierra Eastside > California",https://www.mountainproject.com/route/106954448/the-flake-crack,1.0,-1,Boulder,V0,1,15,37.41759,-118.43276
"The Groove","Flake Boulder > Misery Area > Sad Boulders > Volcanic Tablelands (Happy/Sad Boulders) > Bishop Area > Sierra Eastside > California",https://www.mountainproject.com/route/106954482/the-groove,3.1,-1,Boulder,V0,1,12,37.41759,-118.43276
"President Bush","White House Wall > Misery Area > Sad Boulders > Volcanic Tablelands (Happy/Sad Boulders) > Bishop Area > Sierra Eastside > California",https://www.mountainproject.com/route/116664985/president-bush,3.6,-1,Boulder,V0,1,15,37.42048,-118.43303
"Baby Tooth","The Bird Cage Boulder > Sad Parrot Area > Sad Boulders > Volcanic Tablelands (Happy/Sad Boulders) > Bishop Area > Sierra Eastside > California",https://www.mountainproject.com/route/114197422/baby-tooth,2.0,-1,Boulder,V0,1,10,37.4217,-118.43308
"Parrot Fashion","Parrot Fashion Boulder > Sad Parrot Area > Sad Boulders > Volcanic Tablelands (Happy/Sad Boulders) > Bishop Area > Sierra Eastside > California",https://www.mountainproject.com/route/106739946/parrot-fashion,2.2,-1,Boulder,V0,1,15,37.4217,-118.43308
"Bertie Blunt","Bertie Blunt > Sad Parrot Area > Sad Boulders > Volcanic Tablelands (Happy/Sad Boulders) > Bishop Area > Sierra Eastside > California",https://www.mountainproject.com/route/106731624/bertie-blunt,1.3,-1,Boulder,V0,1,10,37.4217,-118.43308
"Mad Parrot","Sad Parrot Boulder > Sad Parrot Area > Sad Boulders > Volcanic Tablelands (Happy/Sad Boulders) > Bishop Area > Sierra Eastside > California",https://www.mountainproject.com/route/106740001/mad-parrot,1.0,-1,Boulder,V0,1,10,37.4217,-118.43308
"Bad Parrot","Sad Parrot Boulder > Sad Parrot Area > Sad Boulders > Volcanic Tablelands (Happy/Sad Boulders) > Bishop Area > Sierra Eastside > California",https://www.mountainproject.com/route/106740008/bad-parrot,1.7,-1,Boulder,V0,1,10,37.4217,-118.43308
"Problem A","South Arete Boulder > Sad Parrot Area > Sad Boulders > Volcanic Tablelands (Happy/Sad Boulders) > Bishop Area > Sierra Eastside > California",https://www.mountainproject.com/route/106739973/problem-a,1.0,-1,Boulder,V0,1,12,37.4217,-118.43308
Codfish,"South Arete Boulder > Sad Parrot Area > Sad Boulders > Volcanic Tablelands (Happy/Sad Boulders) > Bishop Area > Sierra Eastside > California",https://www.mountainproject.com/route/110390774/codfish,2.0,-1,Boulder,V0,1,11,37.4217,-118.43308
"Problem B","Beano Boulder > Kindergarten Area > Sad Boulders > Volcanic Tablelands (Happy/Sad Boulders) > Bishop Area > Sierra Eastside > California",https://www.mountainproject.com/route/106915540/problem-b,1.0,-1,Boulder,V0,1,10,37.4227,-118.4345
"Boneless Herring","Boneless Herring Boulder > Kung-Fu Area > Sad Boulders > Volcanic Tablelands (Happy/Sad Boulders) > Bishop Area > Sierra Eastside > California",https://www.mountainproject.com/route/107018119/boneless-herring,2.3,-1,Boulder,V0,1,18,37.41934,-118.43437
"Big Slab","Big Slab Boulder > Kung-Fu Area > Sad Boulders > Volcanic Tablelands (Happy/Sad Boulders) > Bishop Area > Sierra Eastside > California",https://www.mountainproject.com/route/107018215/big-slab,2.7,-1,Boulder,"V0 R",1,20,37.41934,-118.43437
"Rubber Ball","Central Joyless Area > Sad Boulders > Volcanic Tablelands (Happy/Sad Boulders) > Bishop Area > Sierra Eastside > California",https://www.mountainproject.com/route/106954379/rubber-ball,1.6,-1,Boulder,V0+,1,12,37.41759,-118.43276
"Double Arete","Brown Slab > Sad Boulders > Volcanic Tablelands (Happy/Sad Boulders) > Bishop Area > Sierra Eastside > California",https://www.mountainproject.com/route/106108651/double-arete,1.7,-1,Boulder,V0+,1,15,37.4191,-118.434
"Garden Pest","The Snapper Boulder > Prozac Nation Bluffs > Sad Boulders > Volcanic Tablelands (Happy/Sad Boulders) > Bishop Area > Sierra Eastside > California",https://www.mountainproject.com/route/106642859/garden-pest,2.8,-1,Boulder,V0+,1,12,37.42324,-118.43279
"The Overhanging Nose","Short Arete Boulders > Ice Caves, Outer Area > Sad Boulders > Volcanic Tablelands (Happy/Sad Boulders) > Bishop Area > Sierra Eastside > California",https://www.mountainproject.com/route/106669864/the-overhanging-nose,2.5,-1,Boulder,V0+,1,10,37.42232,-118.43364
"Any Which Way But Loose","Misery Cave North Entrance > Misery Area > Sad Boulders > Volcanic Tablelands (Happy/Sad Boulders) > Bishop Area > Sierra Eastside > California",https://www.mountainproject.com/route/106669614/any-which-way-but-loose,2.4,-1,Boulder,V0+,1,15,37.41759,-118.43276
"Pocket Pussy","Prozac Nation Boulder > Prozac Nation Bluffs > Sad Boulders > Volcanic Tablelands (Happy/Sad Boulders) > Bishop Area > Sierra Eastside > California",https://www.mountainproject.com/route/106642853/pocket-pussy,1.0,-1,Boulder,V1-,1,10,37.42324,-118.43279
"The Pat Cave Crack","Sad Parrot Boulder > Sad Parrot Area > Sad Boulders > Volcanic Tablelands (Happy/Sad Boulders) > Bishop Area > Sierra Eastside > California",https://www.mountainproject.com/route/113885052/the-pat-cave-crack,1.5,-1,Boulder,V1-,1,15,37.4217,-118.43308
Loaded,"Ice Caves > Sad Boulders > Volcanic Tablelands (Happy/Sad Boulders) > Bishop Area > Sierra Eastside > California",https://www.mountainproject.com/route/106617845/loaded,2.5,-1,Boulder,V1,1,12,37.42254,-118.43364
Smiths,"Molly Area > Sad Boulders > Volcanic Tablelands (Happy/Sad Boulders) > Bishop Area > Sierra Eastside > California",https://www.mountainproject.com/route/106108528/smiths,2.5,-1,Boulder,V1,1,12,37.42075,-118.43391
"The Great Dominions","Molly Area > Sad Boulders > Volcanic Tablelands (Happy/Sad Boulders) > Bishop Area > Sierra Eastside > California",https://www.mountainproject.com/route/107178492/the-great-dominions,2.3,-1,Boulder,V1,1,,37.42075,-118.43391
"Sue Me","Molly Area > Sad Boulders > Volcanic Tablelands (Happy/Sad Boulders) > Bishop Area > Sierra Eastside > California",https://www.mountainproject.com/route/111648825/sue-me,2.0,-1,Boulder,V1,1,15,37.42075,-118.43391
"Riding the Gravy Train","Central Joyless Area > Sad Boulders > Volcanic Tablelands (Happy/Sad Boulders) > Bishop Area > Sierra Eastside > California",https://www.mountainproject.com/route/109140312/riding-the-gravy-train,1.7,-1,Boulder,V1,1,15,37.41759,-118.43276
"Have a Cigar","Central Joyless Area > Sad Boulders > Volcanic Tablelands (Happy/Sad Boulders) > Bishop Area > Sierra Eastside > California",https://www.mountainproject.com/route/112827954/have-a-cigar,2.8,-1,Boulder,V1,1,,37.41759,-118.43276
"Unnamed 2","Brown Slab > Sad Boulders > Volcanic Tablelands (Happy/Sad Boulders) > Bishop Area > Sierra Eastside > California",https://www.mountainproject.com/route/106108632/unnamed-2,2.0,-1,Boulder,"V1 PG13",1,18,37.4191,-118.434
"Jerry Falwell, Porn Star","Jerry Falwell Boulder > Prozac Nation Bluffs > Sad Boulders > Volcanic Tablelands (Happy/Sad Boulders) > Bishop Area > Sierra Eastside > California",https://www.mountainproject.com/route/106642821/jerry-falwell-porn-star,1.0,-1,Boulder,V1,1,10,37.42324,-118.43279
"No Talk","Talk Talk Boulder > Prozac Nation Bluffs > Sad Boulders > Volcanic Tablelands (Happy/Sad Boulders) > Bishop Area > Sierra Eastside > California",https://www.mountainproject.com/route/106642911/no-talk,1.0,-1,Boulder,V1,1,10,37.42324,-118.43279
"Problem A","Valium Boulder > Prozac Nation Bluffs > Sad Boulders > Volcanic Tablelands (Happy/Sad Boulders) > Bishop Area > Sierra Eastside > California",https://www.mountainproject.com/route/106642930/problem-a,1.0,-1,Boulder,V1,1,8,37.42324,-118.43279
"Shop Till You Drop","Bomber Boulders > Prozac Nation Bluffs > Sad Boulders > Volcanic Tablelands (Happy/Sad Boulders) > Bishop Area > Sierra Eastside > California",https://www.mountainproject.com/route/106642964/shop-till-you-drop,0.0,-1,Boulder,"V1 PG13",1,15,37.42324,-118.43279
"Problem A","Emma's Boulder > Ice Caves, Outer Area > Sad Boulders > Volcanic Tablelands (Happy/Sad Boulders) > Bishop Area > Sierra Eastside > California",https://www.mountainproject.com/route/106669830/problem-a,1.3,-1,Boulder,V1,1,15,37.42232,-118.43364
"Problem A","The Hot Pants Boulder > Ice Caves, Outer Area > Sad Boulders > Volcanic Tablelands (Happy/Sad Boulders) > Bishop Area > Sierra Eastside > California",https://www.mountainproject.com/route/106669848/problem-a,0.9,-1,Boulder,V1,1,10,37.42232,-118.43364
"Oil On Canvas","Pow Pow Alcove > Pow Pow Area > Sad Boulders > Volcanic Tablelands (Happy/Sad Boulders) > Bishop Area > Sierra Eastside > California",https://www.mountainproject.com/route/106642998/oil-on-canvas,2.0,-1,Boulder,V1,1,10,37.42112,-118.43318
"Problem A","Pow Pow Alcove > Pow Pow Area > Sad Boulders > Volcanic Tablelands (Happy/Sad Boulders) > Bishop Area > Sierra Eastside > California",https://www.mountainproject.com/route/106643041/problem-a,1.0,-1,Boulder,V1,1,8,37.42112,-118.43318
"The Black Stuff","Misery Cave > Misery Area > Sad Boulders > Volcanic Tablelands (Happy/Sad Boulders) > Bishop Area > Sierra Eastside > California",https://www.mountainproject.com/route/106635002/the-black-stuff,3.0,-1,Boulder,"V1 PG13",1,15,37.41759,-118.43276
"Tight Arete","Sad Parrot Boulder > Sad Parrot Area > Sad Boulders > Volcanic Tablelands (Happy/Sad Boulders) > Bishop Area > Sierra Eastside > California",https://www.mountainproject.com/route/106740039/tight-arete,1.5,-1,Boulder,V1,1,8,37.4217,-118.43308
"Tiger Lily","South Arete Boulder > Sad Parrot Area > Sad Boulders > Volcanic Tablelands (Happy/Sad Boulders) > Bishop Area > Sierra Eastside > California",https://www.mountainproject.com/route/110352036/tiger-lily,2.0,-1,Boulder,"V1 PG13",1,15,37.4217,-118.43308
"Problem A","Parking Boulder > Kindergarten Area > Sad Boulders > Volcanic Tablelands (Happy/Sad Boulders) > Bishop Area > Sierra Eastside > California",https://www.mountainproject.com/route/106915403/problem-a,1.3,-1,Boulder,V1,1,10,37.4228,-118.4341
"Problem B","Parking Boulder > Kindergarten Area > Sad Boulders > Volcanic Tablelands (Happy/Sad Boulders) > Bishop Area > Sierra Eastside > California",https://www.mountainproject.com/route/106915410/problem-b,1.5,-1,Boulder,V1,1,10,37.4228,-118.4341
"Problem A","Slunk Boulder > Kindergarten Area > Sad Boulders > Volcanic Tablelands (Happy/Sad Boulders) > Bishop Area > Sierra Eastside > California",https://www.mountainproject.com/route/106915464/problem-a,1.0,-1,Boulder,V1,1,10,37.4226,-118.4346
"Beyond Beano","Beano Boulder > Kindergarten Area > Sad Boulders > Volcanic Tablelands (Happy/Sad Boulders) > Bishop Area > Sierra Eastside > California",https://www.mountainproject.com/route/106915534/beyond-beano,2.0,-1,Boulder,V1,1,10,37.4227,-118.4345
"Kipper Snapper","Big Kipper Boulder > Kung-Fu Area > Sad Boulders > Volcanic Tablelands (Happy/Sad Boulders) > Bishop Area > Sierra Eastside > California",https://www.mountainproject.com/route/107566452/kipper-snapper,2.5,-1,Boulder,V1,1,,37.4198,-118.4341
"Laughing Cow","The Snapper Boulder > Prozac Nation Bluffs > Sad Boulders > Volcanic Tablelands (Happy/Sad Boulders) > Bishop Area > Sierra Eastside > California",https://www.mountainproject.com/route/106642891/laughing-cow,2.5,-1,Boulder,V1+,1,10,37.42324,-118.43279
"Sir Isaac Hayes","Hauck a Loogie Boulder > Ice Caves, Outer Area > Sad Boulders > Volcanic Tablelands (Happy/Sad Boulders) > Bishop Area > Sierra Eastside > California",https://www.mountainproject.com/route/106637352/sir-isaac-hayes,1.8,-1,Boulder,V1+,1,12,37.42232,-118.43364
"Chemical Romance","Strength in Numbers Area > Sad Boulders > Volcanic Tablelands (Happy/Sad Boulders) > Bishop Area > Sierra Eastside > California",https://www.mountainproject.com/route/106637320/chemical-romance,1.9,-1,Boulder,V2,1,12,37.42207,-118.43344
"Problem A","Strength in Numbers Area > Sad Boulders > Volcanic Tablelands (Happy/Sad Boulders) > Bishop Area > Sierra Eastside > California",https://www.mountainproject.com/route/106669640/problem-a,1.0,-1,Boulder,V2,1,10,37.42207,-118.43344
"World Shut Your Mouth","Molly Area > Sad Boulders > Volcanic Tablelands (Happy/Sad Boulders) > Bishop Area > Sierra Eastside > California",https://www.mountainproject.com/route/106108543/world-shut-your-mouth,2.6,-1,Boulder,V2,1,12,37.42075,-118.43391
"Sleeping Gas","Central Joyless Area > Sad Boulders > Volcanic Tablelands (Happy/Sad Boulders) > Bishop Area > Sierra Eastside > California",https://www.mountainproject.com/route/106108604/sleeping-gas,2.3,-1,Boulder,V2,1,12,37.41759,-118.43276
"Which One's Pink?","Central Joyless Area > Sad Boulders > Volcanic Tablelands (Happy/Sad Boulders) > Bishop Area > Sierra Eastside > California",https://www.mountainproject.com/route/109140325/which-ones-pink,1.8,-1,Boulder,V2,1,15,37.41759,-118.43276
"Fire Pit","The Snapper Boulder > Prozac Nation Bluffs > Sad Boulders > Volcanic Tablelands (Happy/Sad Boulders) > Bishop Area > Sierra Eastside > California",https://www.mountainproject.com/route/106642880/fire-pit,3.1,-1,Boulder,"V2 PG13",1,18,37.42324,-118.43279
Diamond,"Crystal Boulder > Prozac Nation Bluffs > Sad Boulders > Volcanic Tablelands (Happy/Sad Boulders) > Bishop Area > Sierra Eastside > California",https://www.mountainproject.com/route/106642768/diamond,2.0,-1,Boulder,V2,1,15,37.42324,-118.43279
"Prozac Nation","Prozac Nation Boulder > Prozac Nation Bluffs > Sad Boulders > Volcanic Tablelands (Happy/Sad Boulders) > Bishop Area > Sierra Eastside > California",https://www.mountainproject.com/route/106642831/prozac-nation,3.0,-1,Boulder,V2,1,15,37.42324,-118.43279
"Porn Again Christian","Jerry Falwell Boulder > Prozac Nation Bluffs > Sad Boulders > Volcanic Tablelands (Happy/Sad Boulders) > Bishop Area > Sierra Eastside > California",https://www.mountainproject.com/route/106642815/porn-again-christian,1.3,-1,Boulder,V2,1,12,37.42324,-118.43279
"Shit Talk","Talk Talk Boulder > Prozac Nation Bluffs > Sad Boulders > Volcanic Tablelands (Happy/Sad Boulders) > Bishop Area > Sierra Eastside > California",https://www.mountainproject.com/route/106642922/shit-talk,1.0,-1,Boulder,V2,1,10,37.42324,-118.43279
"Thread The Needle","Valium Boulder > Prozac Nation Bluffs > Sad Boulders > Volcanic Tablelands (Happy/Sad Boulders) > Bishop Area > Sierra Eastside > California",https://www.mountainproject.com/route/106642941/thread-the-needle,1.8,-1,Boulder,V2,1,12,37.42324,-118.43279
Emma,"Emma's Boulder > Ice Caves, Outer Area > Sad Boulders > Volcanic Tablelands (Happy/Sad Boulders) > Bishop Area > Sierra Eastside > California",https://www.mountainproject.com/route/106669824/emma,2.0,-1,Boulder,V2,1,15,37.42232,-118.43364
"Still Life","Pow Pow Alcove > Pow Pow Area > Sad Boulders > Volcanic Tablelands (Happy/Sad Boulders) > Bishop Area > Sierra Eastside > California",https://www.mountainproject.com/route/106642988/still-life,2.4,-1,Boulder,V2,1,10,37.42112,-118.43318
"Oil on Canvas - Alternate","Pow Pow Alcove > Pow Pow Area > Sad Boulders > Volcanic Tablelands (Happy/Sad Boulders) > Bishop Area > Sierra Eastside > California",https://www.mountainproject.com/route/106643006/oil-on-canvas-alternate,2.3,-1,Boulder,V2,1,,37.42112,-118.43318
"Sun Spot","Sun Spot Boulder > Pow Pow Area > Sad Boulders > Volcanic Tablelands (Happy/Sad Boulders) > Bishop Area > Sierra Eastside > California",https://www.mountainproject.com/route/106669600/sun-spot,2.7,-1,Boulder,V2,1,12,37.4211,-118.4335
Blue,"Norwegian Blue Boulder > Sad Parrot Area > Sad Boulders > Volcanic Tablelands (Happy/Sad Boulders) > Bishop Area > Sierra Eastside > California",https://www.mountainproject.com/route/106731665/blue,2.1,-1,Boulder,V2,1,12,37.4217,-118.43308
"Bob Parrot (of Maine)","Sad Parrot Boulder > Sad Parrot Area > Sad Boulders > Volcanic Tablelands (Happy/Sad Boulders) > Bishop Area > Sierra Eastside > California",https://www.mountainproject.com/route/106740032/bob-parrot-of-maine,2.4,-1,Boulder,V2,1,8,37.4217,-118.43308
"Psycho Billy Cadillac","Psycho Billy Boulder > Kindergarten Area > Sad Boulders > Volcanic Tablelands (Happy/Sad Boulders) > Bishop Area > Sierra Eastside > California",https://www.mountainproject.com/route/106915515/psycho-billy-cadillac,1.0,-1,Boulder,V2,1,8,37.4228,-118.4343
"Problem A","Beano Boulder > Kindergarten Area > Sad Boulders > Volcanic Tablelands (Happy/Sad Boulders) > Bishop Area > Sierra Eastside > California",https://www.mountainproject.com/route/106915528/problem-a,1.5,-1,Boulder,V2,1,10,37.4227,-118.4345
"Fish Sticks","Boneless Herring Boulder > Kung-Fu Area > Sad Boulders > Volcanic Tablelands (Happy/Sad Boulders) > Bishop Area > Sierra Eastside > California",https://www.mountainproject.com/route/107018135/fish-sticks,2.3,-1,Boulder,V2,1,20,37.41934,-118.43437
Valium,"Valium Boulder > Prozac Nation Bluffs > Sad Boulders > Volcanic Tablelands (Happy/Sad Boulders) > Bishop Area > Sierra Eastside > California",https://www.mountainproject.com/route/106642936/valium,2.0,-1,Boulder,V2+,1,12,37.42324,-118.43279
"Hauck A Loogie","Hauck a Loogie Boulder > Ice Caves, Outer Area > Sad Boulders > Volcanic Tablelands (Happy/Sad Boulders) > Bishop Area > Sierra Eastside > California",https://www.mountainproject.com/route/106637358/hauck-a-loogie,2.1,-1,Boulder,V2+,1,12,37.42232,-118.43364
"Problem A","Chef's Boulder - East Side > Ice Caves, Outer Area > Sad Boulders > Volcanic Tablelands (Happy/Sad Boulders) > Bishop Area > Sierra Eastside > California",https://www.mountainproject.com/route/106669794/problem-a,1.3,-1,Boulder,V2+,1,8,37.42232,-118.43364
"Heelin' It","Psycho Billy Boulder > Kindergarten Area > Sad Boulders > Volcanic Tablelands (Happy/Sad Boulders) > Bishop Area > Sierra Eastside > California",https://www.mountainproject.com/route/116578658/heelin-it,4.0,-1,Boulder,V2+,1,8,37.4228,-118.4343
"Off the couch & Up the nose","Short Arete Boulders > Ice Caves, Outer Area > Sad Boulders > Volcanic Tablelands (Happy/Sad Boulders) > Bishop Area > Sierra Eastside > California",https://www.mountainproject.com/route/107538976/off-the-couch-up-the-nose,3.0,-1,Boulder,V2-3,1,12,37.42232,-118.43364
"Pencil Dick Upright","Prozac Nation Boulder > Prozac Nation Bluffs > Sad Boulders > Volcanic Tablelands (Happy/Sad Boulders) > Bishop Area > Sierra Eastside > California",https://www.mountainproject.com/route/106642843/pencil-dick-upright,1.0,-1,Boulder,V3-,1,10,37.42324,-118.43279
"Undercling Problem","Ice Caves > Sad Boulders > Volcanic Tablelands (Happy/Sad Boulders) > Bishop Area > Sierra Eastside > California",https://www.mountainproject.com/route/106322785/undercling-problem,2.1,-1,Boulder,V3,1,14,37.42254,-118.43364
"Head Heritage","Molly Area > Sad Boulders > Volcanic Tablelands (Happy/Sad Boulders) > Bishop Area > Sierra Eastside > California",https://www.mountainproject.com/route/106108534/head-heritage,2.1,-1,Boulder,V3,1,10,37.42075,-118.43391
Crystal,"Crystal Boulder > Prozac Nation Bluffs > Sad Boulders > Volcanic Tablelands (Happy/Sad Boulders) > Bishop Area > Sierra Eastside > California",https://www.mountainproject.com/route/106642780/crystal,2.5,-1,Boulder,V3,1,15,37.42324,-118.43279
Guantanamera,"Birth of the Cool Area > Sad Boulders > Volcanic Tablelands (Happy/Sad Boulders) > Bishop Area > Sierra Eastside > California",https://www.mountainproject.com/route/116145253/guantanamera,3.0,-1,Boulder,V3,1,8,37.41845,-118.43374
"Humpty Dumpty","Humpty Dumpty Area > Sad Boulders > Volcanic Tablelands (Happy/Sad Boulders) > Bishop Area > Sierra Eastside > California",https://www.mountainproject.com/route/106329054/humpty-dumpty,3.3,-1,Boulder,V3,1,15,37.41759,-118.43276
"Maximum Relaxum","Death Star Cave > Sad Boulders > Volcanic Tablelands (Happy/Sad Boulders) > Bishop Area > Sierra Eastside > California",https://www.mountainproject.com/route/106617237/maximum-relaxum,2.8,-1,Boulder,V3,1,15,37.42029,-118.43379
"Hauck A Loogie - Var","Hauck a Loogie Boulder > Ice Caves, Outer Area > Sad Boulders > Volcanic Tablelands (Happy/Sad Boulders) > Bishop Area > Sierra Eastside > California",https://www.mountainproject.com/route/106637367/hauck-a-loogie-var,2.4,-1,Boulder,V3,1,12,37.42232,-118.43364
"Back Room at Rusty's","Short Arete Boulders > Ice Caves, Outer Area > Sad Boulders > Volcanic Tablelands (Happy/Sad Boulders) > Bishop Area > Sierra Eastside > California",https://www.mountainproject.com/route/108002608/back-room-at-rustys,2.0,-1,Boulder,V3,1,,37.42232,-118.43364
Hovercraft,"Misery Cave > Misery Area > Sad Boulders > Volcanic Tablelands (Happy/Sad Boulders) > Bishop Area > Sierra Eastside > California",https://www.mountainproject.com/route/106637292/hovercraft,1.0,-1,Boulder,V3,1,10,37.41759,-118.43276
"Problem C","Flake Boulder > Misery Area > Sad Boulders > Volcanic Tablelands (Happy/Sad Boulders) > Bishop Area > Sierra Eastside > California",https://www.mountainproject.com/route/106954474/problem-c,1.0,-1,Boulder,V3,1,12,37.41759,-118.43276
Toothless,"The Bird Cage Boulder > Sad Parrot Area > Sad Boulders > Volcanic Tablelands (Happy/Sad Boulders) > Bishop Area > Sierra Eastside > California",https://www.mountainproject.com/route/106731651/toothless,2.2,-1,Boulder,V3,1,12,37.4217,-118.43308
"Bob Parrot","Sad Parrot Boulder > Sad Parrot Area > Sad Boulders > Volcanic Tablelands (Happy/Sad Boulders) > Bishop Area > Sierra Eastside > California",https://www.mountainproject.com/route/106740021/bob-parrot,1.5,-1,Boulder,V3,1,10,37.4217,-118.43308
"White Men Can't Jump","Slunk Boulder > Kindergarten Area > Sad Boulders > Volcanic Tablelands (Happy/Sad Boulders) > Bishop Area > Sierra Eastside > California",https://www.mountainproject.com/route/106915474/white-men-cant-jump,1.8,-1,Boulder,V3,1,8,37.4226,-118.4346
"The Space Suit","Space Suit Boulder > Kung-Fu Area > Sad Boulders > Volcanic Tablelands (Happy/Sad Boulders) > Bishop Area > Sierra Eastside > California",https://www.mountainproject.com/route/107018161/the-space-suit,2.6,-1,Boulder,V3,1,15,37.41934,-118.43437
"Kung-Fu Grip Left","Kung-Fu Grip Boulder > Kung-Fu Area > Sad Boulders > Volcanic Tablelands (Happy/Sad Boulders) > Bishop Area > Sierra Eastside > California",https://www.mountainproject.com/route/107018182/kung-fu-grip-left,2.3,-1,Boulder,V3,1,15,37.41934,-118.43437
"Maximum Relaxum","Cow Skull Boulder > Kung-Fu Area > Sad Boulders > Volcanic Tablelands (Happy/Sad Boulders) > Bishop Area > Sierra Eastside > California",https://www.mountainproject.com/route/107091533/maximum-relaxum,2.4,-1,Boulder,"V3 R",1,15,37.41934,-118.43437
"The Short Arete","Short Arete Boulders > Ice Caves, Outer Area > Sad Boulders > Volcanic Tablelands (Happy/Sad Boulders) > Bishop Area > Sierra Eastside > California",https://www.mountainproject.com/route/106669855/the-short-arete,2.0,-1,Boulder,V3+,1,10,37.42232,-118.43364
"Problem A","Flake Boulder > Misery Area > Sad Boulders > Volcanic Tablelands (Happy/Sad Boulders) > Bishop Area > Sierra Eastside > California",https://www.mountainproject.com/route/106954459/problem-a,1.0,-1,Boulder,V3+,1,12,37.41759,-118.43276
"Sad Parrot","Sad Parrot Boulder > Sad Parrot Area > Sad Boulders > Volcanic Tablelands (Happy/Sad Boulders) > Bishop Area > Sierra Eastside > California",https://www.mountainproject.com/route/106739995/sad-parrot,1.9,-1,Boulder,V3+,1,10,37.4217,-118.43308
"Byrolian Traverse","Ice Caves > Sad Boulders > Volcanic Tablelands (Happy/Sad Boulders) > Bishop Area > Sierra Eastside > California",https://www.mountainproject.com/route/106322862/byrolian-traverse,2.0,-1,Boulder,V3-4,1,18,37.42254,-118.43364
"Pocket Traverse","Pocket Traverse Boulder > Eastern Rim > Sad Boulders > Volcanic Tablelands (Happy/Sad Boulders) > Bishop Area > Sierra Eastside > California",https://www.mountainproject.com/route/114261208/pocket-traverse,2.0,-1,Boulder,V3-4,1,18,37.42068,-118.43349
Norwegian,"Norwegian Blue Boulder > Sad Parrot Area > Sad Boulders > Volcanic Tablelands (Happy/Sad Boulders) > Bishop Area > Sierra Eastside > California",https://www.mountainproject.com/route/106731677/norwegian,2.4,-1,Boulder,V4-,1,20,37.4217,-118.43308
"Professional Widow","Tim's Highball Boulder > Kindergarten Area > Sad Boulders > Volcanic Tablelands (Happy/Sad Boulders) > Bishop Area > Sierra Eastside > California",https://www.mountainproject.com/route/106095529/professional-widow,3.9,-1,Boulder,V4-,1,18,37.4221,-118.4346
"Cream Horn","Ice Caves > Sad Boulders > Volcanic Tablelands (Happy/Sad Boulders) > Bishop Area > Sierra Eastside > California",https://www.mountainproject.com/route/106322827/cream-horn,4.0,-1,Boulder,V4,1,18,37.42254,-118.43364
"Mothership Connection","Ice Caves > Sad Boulders > Volcanic Tablelands (Happy/Sad Boulders) > Bishop Area > Sierra Eastside > California",https://www.mountainproject.com/route/106340978/mothership-connection,3.4,-1,Boulder,V4,1,15,37.42254,-118.43364
"Let The Happiness In","Strength in Numbers Area > Sad Boulders > Volcanic Tablelands (Happy/Sad Boulders) > Bishop Area > Sierra Eastside > California",https://www.mountainproject.com/route/106637311/let-the-happiness-in,2.4,-1,Boulder,"V4 PG13",1,15,37.42207,-118.43344
"Problem A SDS","Strength in Numbers Area > Sad Boulders > Volcanic Tablelands (Happy/Sad Boulders) > Bishop Area > Sierra Eastside > California",https://www.mountainproject.com/route/106669645/problem-a-sds,1.0,-1,Boulder,V4,1,12,37.42207,-118.43344
"Chewed Out","Molly Area > Sad Boulders > Volcanic Tablelands (Happy/Sad Boulders) > Bishop Area > Sierra Eastside > California",https://www.mountainproject.com/route/106108551/chewed-out,2.0,-1,Boulder,V4,1,12,37.42075,-118.43391
"Unnamed 4","Central Joyless Area > Sad Boulders > Volcanic Tablelands (Happy/Sad Boulders) > Bishop Area > Sierra Eastside > California",https://www.mountainproject.com/route/109140342/unnamed-4,2.0,-1,Boulder,V4,1,12,37.41759,-118.43276
Pop-A-Wheelie,"Pop-a-Wheelie Boulder > Prozac Nation Bluffs > Sad Boulders > Volcanic Tablelands (Happy/Sad Boulders) > Bishop Area > Sierra Eastside > California",https://www.mountainproject.com/route/106642901/pop-a-wheelie,2.3,-1,Boulder,V4,1,10,37.42324,-118.43279
"Local Boy Does Good","Crystal Boulder > Prozac Nation Bluffs > Sad Boulders > Volcanic Tablelands (Happy/Sad Boulders) > Bishop Area > Sierra Eastside > California",https://www.mountainproject.com/route/106642794/local-boy-does-good,2.0,-1,Boulder,"V4 PG13",1,18,37.42324,-118.43279
"Talk Talk","Talk Talk Boulder > Prozac Nation Bluffs > Sad Boulders > Volcanic Tablelands (Happy/Sad Boulders) > Bishop Area > Sierra Eastside > California",https://www.mountainproject.com/route/106642916/talk-talk,1.5,-1,Boulder,V4,1,10,37.42324,-118.43279
José,"Birth of the Cool Area > Sad Boulders > Volcanic Tablelands (Happy/Sad Boulders) > Bishop Area > Sierra Eastside > California",https://www.mountainproject.com/route/116145279/jose,1.0,-1,Boulder,V4,1,8,37.41845,-118.43374
"The Crack Problem","Crack Boulder > Ice Caves, Outer Area > Sad Boulders > Volcanic Tablelands (Happy/Sad Boulders) > Bishop Area > Sierra Eastside > California",https://www.mountainproject.com/route/106669806/the-crack-problem,2.4,-1,Boulder,V4,1,10,37.42232,-118.43364
"Up For The Down Stoke","The Hot Pants Boulder > Ice Caves, Outer Area > Sad Boulders > Volcanic Tablelands (Happy/Sad Boulders) > Bishop Area > Sierra Eastside > California",https://www.mountainproject.com/route/106669842/up-for-the-down-stoke,1.9,-1,Boulder,V4,1,10,37.42232,-118.43364
"Sun Spot Right","Sun Spot Boulder > Pow Pow Area > Sad Boulders > Volcanic Tablelands (Happy/Sad Boulders) > Bishop Area > Sierra Eastside > California",https://www.mountainproject.com/route/106669605/sun-spot-right,2.0,-1,Boulder,V4,1,15,37.4211,-118.4335
"Problem B","Flake Boulder > Misery Area > Sad Boulders > Volcanic Tablelands (Happy/Sad Boulders) > Bishop Area > Sierra Eastside > California",https://www.mountainproject.com/route/106954467/problem-b,2.0,-1,Boulder,V4,1,10,37.41759,-118.43276
"The Fang","The Bird Cage Boulder > Sad Parrot Area > Sad Boulders > Volcanic Tablelands (Happy/Sad Boulders) > Bishop Area > Sierra Eastside > California",https://www.mountainproject.com/route/106731640/the-fang,3.3,-1,Boulder,V4,1,15,37.4217,-118.43308
"Arse La Vista","Parrot Fashion Boulder > Sad Parrot Area > Sad Boulders > Volcanic Tablelands (Happy/Sad Boulders) > Bishop Area > Sierra Eastside > California",https://www.mountainproject.com/route/106739953/arse-la-vista,0.5,-1,Boulder,V4,1,20,37.4217,-118.43308
"Syd Barrett","Parrot Fashion Boulder > Sad Parrot Area > Sad Boulders > Volcanic Tablelands (Happy/Sad Boulders) > Bishop Area > Sierra Eastside > California",https://www.mountainproject.com/route/106739961/syd-barrett,1.0,-1,Boulder,V4,1,15,37.4217,-118.43308
Spike,"Sad Parrot Boulder > Sad Parrot Area > Sad Boulders > Volcanic Tablelands (Happy/Sad Boulders) > Bishop Area > Sierra Eastside > California",https://www.mountainproject.com/route/106739986/spike,1.5,-1,Boulder,V4,1,10,37.4217,-118.43308
"Problem C","Mr Frosty Cave > Kindergarten Area > Sad Boulders > Volcanic Tablelands (Happy/Sad Boulders) > Bishop Area > Sierra Eastside > California",https://www.mountainproject.com/route/106915423/problem-c,1.0,-1,Boulder,"V4 PG13",1,15,37.4226,-118.4344
"Whiskey, Beer and Spliff Hits for Breakfast","Rim Job Boulder > Kindergarten Area > Sad Boulders > Volcanic Tablelands (Happy/Sad Boulders) > Bishop Area > Sierra Eastside > California",https://www.mountainproject.com/route/106915496/whiskey-beer-and-spliff-hits-for-breakfast,3.5,-1,Boulder,V4,1,12,37.4228,-118.4343
"Unsung Gem","Crystal Boulder > Prozac Nation Bluffs > Sad Boulders > Volcanic Tablelands (Happy/Sad Boulders) > Bishop Area > Sierra Eastside > California",https://www.mountainproject.com/route/106642787/unsung-gem,2.0,-1,Boulder,"V4+ PG13",1,18,37.42324,-118.43279
"Problem A","Prozac Nation Boulder > Prozac Nation Bluffs > Sad Boulders > Volcanic Tablelands (Happy/Sad Boulders) > Bishop Area > Sierra Eastside > California",https://www.mountainproject.com/route/106642848/problem-a,1.5,-1,Boulder,V4+,1,10,37.42324,-118.43279
"Molly Dyno","Molly Area > Sad Boulders > Volcanic Tablelands (Happy/Sad Boulders) > Bishop Area > Sierra Eastside > California",https://www.mountainproject.com/route/106617419/molly-dyno,3.0,-1,Boulder,V4-5,1,7,37.42075,-118.43391
"Fueled By Hate","Ice Caves > Sad Boulders > Volcanic Tablelands (Happy/Sad Boulders) > Bishop Area > Sierra Eastside > California",https://www.mountainproject.com/route/106068472/fueled-by-hate,2.8,-1,Boulder,V5,1,8,37.42254,-118.43364
Chizam,"Ice Caves > Sad Boulders > Volcanic Tablelands (Happy/Sad Boulders) > Bishop Area > Sierra Eastside > California",https://www.mountainproject.com/route/106079500/chizam,2.7,-1,Boulder,V5,1,12,37.42254,-118.43364
Shaft,"Ice Caves > Sad Boulders > Volcanic Tablelands (Happy/Sad Boulders) > Bishop Area > Sierra Eastside > California",https://www.mountainproject.com/route/111726269/shaft,2.0,-1,Boulder,V5,1,,37.42254,-118.43364
"Strength in Numbers (Original SIN)","Strength in Numbers Area > Sad Boulders > Volcanic Tablelands (Happy/Sad Boulders) > Bishop Area > Sierra Eastside > California",https://www.mountainproject.com/route/106068943/strength-in-numbers-original-sin,3.9,-1,Boulder,V5,1,18,37.42207,-118.43344
Molly,"Molly Area > Sad Boulders > Volcanic Tablelands (Happy/Sad Boulders) > Bishop Area > Sierra Eastside > California",https://www.mountainproject.com/route/106094747/molly,3.4,-1,Boulder,V5,1,13,37.42075,-118.43391
"The Snapper","The Snapper Boulder > Prozac Nation Bluffs > Sad Boulders > Volcanic Tablelands (Happy/Sad Boulders) > Bishop Area > Sierra Eastside > California",https://www.mountainproject.com/route/106642872/the-snapper,3.6,-1,Boulder,"V5 PG13",1,18,37.42324,-118.43279
"Pencil Dick","Prozac Nation Boulder > Prozac Nation Bluffs > Sad Boulders > Volcanic Tablelands (Happy/Sad Boulders) > Bishop Area > Sierra Eastside > California",https://www.mountainproject.com/route/106642837/pencil-dick,2.0,-1,Boulder,V5,1,10,37.42324,-118.43279
Anti-Hero,"Death Star Cave > Sad Boulders > Volcanic Tablelands (Happy/Sad Boulders) > Bishop Area > Sierra Eastside > California",https://www.mountainproject.com/route/106617219/anti-hero,3.2,-1,Boulder,V5,1,15,37.42029,-118.43379
"Gotta Be Kidding Me","Hauck a Loogie Boulder > Ice Caves, Outer Area > Sad Boulders > Volcanic Tablelands (Happy/Sad Boulders) > Bishop Area > Sierra Eastside > California",https://www.mountainproject.com/route/106637341/gotta-be-kidding-me,1.8,-1,Boulder,V5,1,10,37.42232,-118.43364
"Hauck A Loogie - Sit Start","Hauck a Loogie Boulder > Ice Caves, Outer Area > Sad Boulders > Volcanic Tablelands (Happy/Sad Boulders) > Bishop Area > Sierra Eastside > California",https://www.mountainproject.com/route/106637372/hauck-a-loogie-sit-start,2.4,-1,Boulder,V5,1,15,37.42232,-118.43364
"Chef's Arete","Chef's Boulder - East Side > Ice Caves, Outer Area > Sad Boulders > Volcanic Tablelands (Happy/Sad Boulders) > Bishop Area > Sierra Eastside > California",https://www.mountainproject.com/route/106669799/chefs-arete,2.0,-1,Boulder,V5,1,10,37.42232,-118.43364
"East Arete","Flake Boulder > Misery Area > Sad Boulders > Volcanic Tablelands (Happy/Sad Boulders) > Bishop Area > Sierra Eastside > California",https://www.mountainproject.com/route/106554775/east-arete,3.0,-1,Boulder,V5,1,12,37.41759,-118.43276
Oceania,"Misery Cave North Entrance > Misery Area > Sad Boulders > Volcanic Tablelands (Happy/Sad Boulders) > Bishop Area > Sierra Eastside > California",https://www.mountainproject.com/route/106669620/oceania,1.0,-1,Boulder,V5,1,12,37.41759,-118.43276
"Cow Skull","Cow Skull Boulder > Kung-Fu Area > Sad Boulders > Volcanic Tablelands (Happy/Sad Boulders) > Bishop Area > Sierra Eastside > California",https://www.mountainproject.com/route/108819564/cow-skull,2.6,-1,Boulder,V5,1,,37.41934,-118.43437
"Hot Pants","The Hot Pants Boulder > Ice Caves, Outer Area > Sad Boulders > Volcanic Tablelands (Happy/Sad Boulders) > Bishop Area > Sierra Eastside > California",https://www.mountainproject.com/route/106669836/hot-pants,2.9,-1,Boulder,V5+,1,12,37.42232,-118.43364
"Erotic Terrorist","Ice Caves > Sad Boulders > Volcanic Tablelands (Happy/Sad Boulders) > Bishop Area > Sierra Eastside > California",https://www.mountainproject.com/route/106322799/erotic-terrorist,2.6,-1,Boulder,V5-6,1,14,37.42254,-118.43364
"Humpty Dumpty Left Start","Humpty Dumpty Area > Sad Boulders > Volcanic Tablelands (Happy/Sad Boulders) > Bishop Area > Sierra Eastside > California",https://www.mountainproject.com/route/106329067/humpty-dumpty-left-start,1.0,-1,Boulder,V6-,1,15,37.41759,-118.43276
"Mothership Connected","Ice Caves > Sad Boulders > Volcanic Tablelands (Happy/Sad Boulders) > Bishop Area > Sierra Eastside > California",https://www.mountainproject.com/route/107491869/mothership-connected,2.8,-1,Boulder,V6,1,15,37.42254,-118.43364
"SIN Variation Start","Strength in Numbers Area > Sad Boulders > Volcanic Tablelands (Happy/Sad Boulders) > Bishop Area > Sierra Eastside > California",https://www.mountainproject.com/route/106069039/sin-variation-start,2.3,-1,Boulder,V6,1,20,37.42207,-118.43344
"Molly Variation","Molly Area > Sad Boulders > Volcanic Tablelands (Happy/Sad Boulders) > Bishop Area > Sierra Eastside > California",https://www.mountainproject.com/route/106617414/molly-variation,2.0,-1,Boulder,V6,1,12,37.42075,-118.43391
"Birth of the Cool","Birth of the Cool Area > Sad Boulders > Volcanic Tablelands (Happy/Sad Boulders) > Bishop Area > Sierra Eastside > California",https://www.mountainproject.com/route/116145243/birth-of-the-cool,2.0,-1,Boulder,V6,1,10,37.41845,-118.43374
"Trucker Fucker","Humpty Dumpty Area > Sad Boulders > Volcanic Tablelands (Happy/Sad Boulders) > Bishop Area > Sierra Eastside > California",https://www.mountainproject.com/route/106329079/trucker-fucker,2.5,-1,Boulder,V6,1,15,37.41759,-118.43276
"Rio's Crack","Rio's Crack Area > Sad Boulders > Volcanic Tablelands (Happy/Sad Boulders) > Bishop Area > Sierra Eastside > California",https://www.mountainproject.com/route/106340969/rios-crack,3.5,-1,Boulder,V6,1,15,37.42027,-118.434
"French Press","Misery Cave > Misery Area > Sad Boulders > Volcanic Tablelands (Happy/Sad Boulders) > Bishop Area > Sierra Eastside > California",https://www.mountainproject.com/route/106554779/french-press,3.5,-1,Boulder,V6,1,,37.41759,-118.43276
"Bob Parrot Sit","Sad Parrot Boulder > Sad Parrot Area > Sad Boulders > Volcanic Tablelands (Happy/Sad Boulders) > Bishop Area > Sierra Eastside > California",https://www.mountainproject.com/route/106740027/bob-parrot-sit,1.0,-1,Boulder,V6,1,12,37.4217,-118.43308
"Problem A","Mr Frosty Cave > Kindergarten Area > Sad Boulders > Volcanic Tablelands (Happy/Sad Boulders) > Bishop Area > Sierra Eastside > California",https://www.mountainproject.com/route/106915433/problem-a,2.0,-1,Boulder,V6,1,10,37.4226,-118.4344
"Give Me A Rim Job","Rim Job Boulder > Kindergarten Area > Sad Boulders > Volcanic Tablelands (Happy/Sad Boulders) > Bishop Area > Sierra Eastside > California",https://www.mountainproject.com/route/106095542/give-me-a-rim-job,3.0,-1,Boulder,V6,1,12,37.4228,-118.4343
"Bruiser Boulder","Bruiser Boulder > Sad Boulders > Volcanic Tablelands (Happy/Sad Boulders) > Bishop Area > Sierra Eastside > California",https://www.mountainproject.com/route/116069980/bruiser-boulder,3.0,-1,Boulder,V6,1,10,37.41759,-118.43276
"The Extrapolator","The Extrapolator Boulder > Eastern Rim > Sad Boulders > Volcanic Tablelands (Happy/Sad Boulders) > Bishop Area > Sierra Eastside > California",https://www.mountainproject.com/route/114171232/the-extrapolator,3.0,-1,Boulder,"V6-7 PG13",1,16,37.42031,-118.43347
"Mr. Mackey","Ice Caves > Sad Boulders > Volcanic Tablelands (Happy/Sad Boulders) > Bishop Area > Sierra Eastside > California",https://www.mountainproject.com/route/106322832/mr-mackey,3.2,-1,Boulder,V7,1,10,37.42254,-118.43364
"Come Together","Strength in Numbers Area > Sad Boulders > Volcanic Tablelands (Happy/Sad Boulders) > Bishop Area > Sierra Eastside > California",https://www.mountainproject.com/route/106087683/come-together,2.8,-1,Boulder,V7,1,20,37.42207,-118.43344
Flawless,"Prozac Nation Boulder > Prozac Nation Bluffs > Sad Boulders > Volcanic Tablelands (Happy/Sad Boulders) > Bishop Area > Sierra Eastside > California",https://www.mountainproject.com/route/106642826/flawless,2.0,-1,Boulder,V7,1,15,37.42324,-118.43279
"Humpty Dumpty Low","Humpty Dumpty Area > Sad Boulders > Volcanic Tablelands (Happy/Sad Boulders) > Bishop Area > Sierra Eastside > California",https://www.mountainproject.com/route/106329071/humpty-dumpty-low,2.7,-1,Boulder,V7,1,18,37.41759,-118.43276
Pinball,"Humpty Dumpty Area > Sad Boulders > Volcanic Tablelands (Happy/Sad Boulders) > Bishop Area > Sierra Eastside > California",https://www.mountainproject.com/route/106329098/pinball,2.0,-1,Boulder,V7,1,20,37.41759,-118.43276
"Lawnmower Man","Los Locos Area > Sad Boulders > Volcanic Tablelands (Happy/Sad Boulders) > Bishop Area > Sierra Eastside > California",https://www.mountainproject.com/route/106340940/lawnmower-man,3.9,-1,Boulder,V7,1,18,37.41759,-118.43276
"Los Locos","Los Locos Area > Sad Boulders > Volcanic Tablelands (Happy/Sad Boulders) > Bishop Area > Sierra Eastside > California",https://www.mountainproject.com/route/106340949/los-locos,4.0,-1,Boulder,V7,1,25,37.41759,-118.43276
Soma,"Death Star Cave > Sad Boulders > Volcanic Tablelands (Happy/Sad Boulders) > Bishop Area > Sierra Eastside > California",https://www.mountainproject.com/route/116363745/soma,2.0,-1,Boulder,V7,1,,37.42029,-118.43379
"Hauck a Loogie Eliminate","Hauck a Loogie Boulder > Ice Caves, Outer Area > Sad Boulders > Volcanic Tablelands (Happy/Sad Boulders) > Bishop Area > Sierra Eastside > California",https://www.mountainproject.com/route/106637379/hauck-a-loogie-eliminate,2.7,-1,Boulder,V7,1,12,37.42232,-118.43364
"Water Colors","Water Colors Alcove > Pow Pow Area > Sad Boulders > Volcanic Tablelands (Happy/Sad Boulders) > Bishop Area > Sierra Eastside > California",https://www.mountainproject.com/route/106068485/water-colors,2.6,-1,Boulder,V7,1,,37.42112,-118.43318
"Feeding Frenzy","The Bird Cage Boulder > Sad Parrot Area > Sad Boulders > Volcanic Tablelands (Happy/Sad Boulders) > Bishop Area > Sierra Eastside > California",https://www.mountainproject.com/route/106731632/feeding-frenzy,2.5,-1,Boulder,V7,1,15,37.4217,-118.43308
"Rad Parrot","Sad Parrot Boulder > Sad Parrot Area > Sad Boulders > Volcanic Tablelands (Happy/Sad Boulders) > Bishop Area > Sierra Eastside > California",https://www.mountainproject.com/route/106740015/rad-parrot,3.0,-1,Boulder,V7,1,20,37.4217,-118.43308
"Problem B","Mr Frosty Cave > Kindergarten Area > Sad Boulders > Volcanic Tablelands (Happy/Sad Boulders) > Bishop Area > Sierra Eastside > California",https://www.mountainproject.com/route/106915438/problem-b,2.0,-1,Boulder,V7,1,10,37.4226,-118.4344
"Slunk Left","Slunk Boulder > Kindergarten Area > Sad Boulders > Volcanic Tablelands (Happy/Sad Boulders) > Bishop Area > Sierra Eastside > California",https://www.mountainproject.com/route/114115528/slunk-left,2.5,-1,Boulder,V7,1,9,37.4226,-118.4346
"It's All About Love","Ice Caves > Sad Boulders > Volcanic Tablelands (Happy/Sad Boulders) > Bishop Area > Sierra Eastside > California",https://www.mountainproject.com/route/106068468/its-all-about-love,2.8,-1,Boulder,V8-,1,10,37.42254,-118.43364
Mecha-Streisand,"Ice Caves > Sad Boulders > Volcanic Tablelands (Happy/Sad Boulders) > Bishop Area > Sierra Eastside > California",https://www.mountainproject.com/route/106322822/mecha-streisand,2.0,-1,Boulder,V8-,1,10,37.42254,-118.43364
"Water Hazard Right","Ice Caves > Sad Boulders > Volcanic Tablelands (Happy/Sad Boulders) > Bishop Area > Sierra Eastside > California",https://www.mountainproject.com/route/112289839/water-hazard-right,2.0,-1,Boulder,V8-,1,16,37.42254,-118.43364
"Mr Frosty","Mr Frosty Cave > Kindergarten Area > Sad Boulders > Volcanic Tablelands (Happy/Sad Boulders) > Bishop Area > Sierra Eastside > California",https://www.mountainproject.com/route/106095536/mr-frosty,3.0,-1,Boulder,V8-,1,8,37.4226,-118.4344
"Darkness at Noon","Ice Caves > Sad Boulders > Volcanic Tablelands (Happy/Sad Boulders) > Bishop Area > Sierra Eastside > California",https://www.mountainproject.com/route/106322808/darkness-at-noon,2.0,-1,Boulder,V8,1,,37.42254,-118.43364
Frostbite,"Ice Caves > Sad Boulders > Volcanic Tablelands (Happy/Sad Boulders) > Bishop Area > Sierra Eastside > California",https://www.mountainproject.com/route/111726377/frostbite,2.5,-1,Boulder,V8,1,15,37.42254,-118.43364
"Death Star 2000","Death Star Cave > Sad Boulders > Volcanic Tablelands (Happy/Sad Boulders) > Bishop Area > Sierra Eastside > California",https://www.mountainproject.com/route/106617228/death-star-2000,2.7,-1,Boulder,V8,1,12,37.42029,-118.43379
"Pow Pow","Pow Pow Alcove > Pow Pow Area > Sad Boulders > Volcanic Tablelands (Happy/Sad Boulders) > Bishop Area > Sierra Eastside > California",https://www.mountainproject.com/route/106068479/pow-pow,3.6,-1,Boulder,V8,1,10,37.42112,-118.43318
Honalee,"Dragon Cave > Sad Boulders > Volcanic Tablelands (Happy/Sad Boulders) > Bishop Area > Sierra Eastside > California",https://www.mountainproject.com/route/112513100/honalee,2.5,-1,Boulder,V8,1,10,37.33822,-118.4735
"Bubba Escapes the Ward","Ice Caves > Sad Boulders > Volcanic Tablelands (Happy/Sad Boulders) > Bishop Area > Sierra Eastside > California",https://www.mountainproject.com/route/106322788/bubba-escapes-the-ward,2.0,-1,Boulder,V9,1,16,37.42254,-118.43364
"The Ninth Wave","Ice Caves > Sad Boulders > Volcanic Tablelands (Happy/Sad Boulders) > Bishop Area > Sierra Eastside > California",https://www.mountainproject.com/route/106322848/the-ninth-wave,3.2,-1,Boulder,V9,1,20,37.42254,-118.43364
Slunk,"Slunk Boulder > Kindergarten Area > Sad Boulders > Volcanic Tablelands (Happy/Sad Boulders) > Bishop Area > Sierra Eastside > California",https://www.mountainproject.com/route/106068491/slunk,3.4,-1,Boulder,V9,1,,37.4226,-118.4346
"Enter The Dragon","Dragon Cave > Sad Boulders > Volcanic Tablelands (Happy/Sad Boulders) > Bishop Area > Sierra Eastside > California",https://www.mountainproject.com/route/112513071/enter-the-dragon,3.0,-1,Boulder,V9,1,12,37.33822,-118.4735
"Aquatic Hitchiker","Ice Caves > Sad Boulders > Volcanic Tablelands (Happy/Sad Boulders) > Bishop Area > Sierra Eastside > California",https://www.mountainproject.com/route/108730349/aquatic-hitchiker,3.0,-1,Boulder,V10-,1,8,37.42254,-118.43364
Beefcake,"Ice Caves > Sad Boulders > Volcanic Tablelands (Happy/Sad Boulders) > Bishop Area > Sierra Eastside > California",https://www.mountainproject.com/route/106068510/beefcake,3.2,-1,Boulder,V10,1,14,37.42254,-118.43364
"Water Hazard","Ice Caves > Sad Boulders > Volcanic Tablelands (Happy/Sad Boulders) > Bishop Area > Sierra Eastside > California",https://www.mountainproject.com/route/106322791/water-hazard,2.3,-1,Boulder,V10,1,16,37.42254,-118.43364
"Bottom Feeder","Ice Caves > Sad Boulders > Volcanic Tablelands (Happy/Sad Boulders) > Bishop Area > Sierra Eastside > California",https://www.mountainproject.com/route/116586291/bottom-feeder,2.0,-1,Boulder,V10,1,12,37.42254,-118.43364
"Chizam SDS","Ice Caves > Sad Boulders > Volcanic Tablelands (Happy/Sad Boulders) > Bishop Area > Sierra Eastside > California",https://www.mountainproject.com/route/106322772/chizam-sds,4.0,-1,Boulder,V10+,1,12,37.42254,-118.43364
"Beefy Gecko","Ice Caves > Sad Boulders > Volcanic Tablelands (Happy/Sad Boulders) > Bishop Area > Sierra Eastside > California",https://www.mountainproject.com/route/106322757/beefy-gecko,3.0,-1,Boulder,V11-,1,15,37.42254,-118.43364
"Rorschach Test","Ice Caves > Sad Boulders > Volcanic Tablelands (Happy/Sad Boulders) > Bishop Area > Sierra Eastside > California",https://www.mountainproject.com/route/106068521/rorschach-test,4.0,-1,Boulder,V11,1,12,37.42254,-118.43364
"Exit The Dragon","Dragon Cave > Sad Boulders > Volcanic Tablelands (Happy/Sad Boulders) > Bishop Area > Sierra Eastside > California",https://www.mountainproject.com/route/112513093/exit-the-dragon,2.0,-1,Boulder,V11,1,16,37.33822,-118.4735
"Beautiful Gecko","Ice Caves > Sad Boulders > Volcanic Tablelands (Happy/Sad Boulders) > Bishop Area > Sierra Eastside > California",https://www.mountainproject.com/route/106322741/beautiful-gecko,3.0,-1,Boulder,V12,1,15,37.42254,-118.43364
"The Aquarium","Ice Caves > Sad Boulders > Volcanic Tablelands (Happy/Sad Boulders) > Bishop Area > Sierra Eastside > California",https://www.mountainproject.com/route/112382233/the-aquarium,3.5,-1,Boulder,V12,1,25,37.42254,-118.43364
