,Route,ID,Avg Stars,Grade,Length,Area Latitude,Area Longitude,StarRatings,SuggestedRatings,OnToDoLists,Ticks
0,The Way Down,106277533,1.3,-1.0,10.0,37.330040000000004,-118.57901000000001,30,5,8,52
1,Choke the Chicken,116715444,2.0,-1.0,15.0,37.318259999999995,-118.5744,1,1,0,1
2,Unnamed  1,1070327761,2.2,-0.25,18.0,37.32859000000001,-118.57516000000001,41,6,11,87
3,Unnamed  2,1070327802,2.8,-0.25,18.0,37.32859000000001,-118.57516000000001,84,20,49,168
4,Problem B,106322572,1.8,-0.25,12.0,37.32873,-118.57534,46,15,12,102
5,Hip Hop Hager,107519098,1.6,-0.25,16.0,37.33014,-118.57777,5,1,2,4
6,Unknown V0/V1,10644277101,1.8,-0.25,12.0,37.330220000000004,-118.57882,8,1,7,28
7,Xenolith Slab,116715297,2.0,-0.25,10.0,37.31821,-118.57395,1,1,0,1
8,Backside Crack,108010816,2.3,0.0,20.0,37.3388,-118.5776,31,6,5,35
9,Burned and Bare,108880968,2.7,0.0,15.0,37.3388,-118.5776,12,3,2,9
10,Original Line,108054564,3.1,0.0,35.0,37.3377,-118.5701,17,6,25,23
11,Vic's Demise,111450402,3.0,0.25,35.0,37.3378,-118.572,3,2,6,2
12,Essential Peabody,106395083,3.1,0.0,40.0,37.32837,-118.57479,63,18,124,84
13,Advanced Rockcraft Arete,109526745,3.5,0.25,50.0,37.32817,-118.57477,16,6,44,11
14,Problem A,106277503,1.4,0.0,12.0,37.330040000000004,-118.57901000000001,17,3,14,30
15,Birthday Mantel,106277514,2.5,0.0,12.0,37.330040000000004,-118.57901000000001,89,21,79,153
16,Problem B,106277521,2.1,0.0,12.0,37.330040000000004,-118.57901000000001,24,6,16,38
17,Unnamed  3,1070327853,2.5,0.0,18.0,37.32859000000001,-118.57516000000001,16,5,6,40
18,Problem A,106322566,2.0,0.0,15.0,37.32873,-118.57534,41,14,19,74
19,Hager Arete,105936748,2.6,0.0,15.0,37.33014,-118.57777,25,7,16,43
20,Unnamed Arete,105936754,1.7,0.0,20.0,37.33014,-118.57777,7,1,3,8
21,Unnmed,111731481,1.9,0.0,15.0,37.33014,-118.57777,7,2,4,14
22,Hero Roof,106094805,3.4,0.0,14.0,37.33,-118.5782,387,89,412,722
23,Tall Edgy,115681932,2.5,0.0,24.0,37.32944000000001,-118.57548,2,1,1,4
24,Northwest Flake,106322549,2.1,0.0,12.0,37.329,-118.5773,41,12,13,66
25,Unnamed Slab/Arete,106130723,2.5,0.0,18.0,37.32906,-118.5768,11,2,13,17
26,Problem C,106336055,2.4,0.0,25.0,37.32878,-118.57687,7,2,5,7
27,Left Facing Arete,114316077,2.5,0.0,12.0,37.32909,-118.57791,4,2,3,3
28,Unnamed V0,1064427280,2.4,0.0,20.0,37.32993,-118.57853,43,11,10,92
29,Yo! Basecamp,114076356,2.3,0.0,10.0,37.329,-118.57473,8,3,3,11
30,Natural Melody,112499885,2.5,0.0,30.0,37.33676,-118.57615,2,1,5,2
31,Lifeguard Fantasy,114054347,2.0,0.0,18.0,37.31829000000001,-118.5863,1,1,6,0
32,Problem C,106322544,2.1,0.25,12.0,37.329,-118.5773,22,8,9,42
33,Unnamed Arete,106395524,2.5,0.25,12.0,37.32909,-118.57791,19,6,17,31
34,Sketchpad,107460413,3.8,0.5,30.0,37.2991,-118.5955,10,6,67,5
35,The Flake Crack,112499931,3.0,0.5,40.0,37.337109999999996,-118.5759,1,1,4,0
36,Roadside Crack,107956819,2.4,1.0,20.0,37.3388,-118.5776,30,7,8,42
37,John Bachar Memorial Problem,112252165,4.0,1.25,25.0,37.33744,-118.57356000000001,5,4,31,5
38,Birthday Left,106027080,2.2,1.0,10.0,37.330040000000004,-118.57901000000001,216,66,75,440
39,The Prow Stand Start,114341764,2.7,1.0,16.0,37.330040000000004,-118.57901000000001,7,2,7,18
40,Good Morning Sunshine,106094043,3.1,1.0,22.0,37.32859000000001,-118.57516000000001,116,30,81,173
41,Unnamed 4,1079873164,1.7,1.0,15.0,37.32859000000001,-118.57516000000001,6,1,4,10
42,Unnamed 5,1079873235,2.2,1.0,15.0,37.32859000000001,-118.57516000000001,5,2,5,11
43,Green Wall Arete,106093952,2.4,1.0,20.0,37.32873,-118.57534,109,38,69,190
44,Blue Ball Existential,112826595,2.5,1.0,15.0,37.32873,-118.57534,2,1,4,1
45,Problem C,107987405,1.1,1.0,12.0,37.3282,-118.5761,10,2,6,10
46,Problem A,107987380,2.0,1.0,12.0,37.3282,-118.5762,2,1,8,10
47,"Rib, No Rib",111729554,2.5,1.0,12.0,37.33,-118.5782,17,5,29,30
48,Ay,106100333,2.1,1.0,15.0,37.329,-118.5773,31,6,12,51
49,Problem B,108048876,2.1,1.0,15.0,37.329,-118.5773,12,2,7,26
50,Buttermilk Stem,106130698,3.5,1.0,15.0,37.32906,-118.5768,272,77,400,467
51,Buttermilk Gem,106130735,3.0,1.25,28.0,37.32878,-118.57687,6,2,15,6
52,Junior's Arete,106130759,2.4,1.0,20.0,37.32878,-118.57687,14,3,11,12
53,Problem A,106322590,2.2,1.0,25.0,37.32878,-118.57687,6,1,5,9
54,Problem B,106322596,2.1,1.0,20.0,37.32878,-118.57687,8,3,4,12
55,Warm up to Hobbs,114316113,3.0,1.0,12.0,37.32909,-118.57791,2,2,12,4
56,Unnamed V1,1070300021,2.1,1.0,12.0,37.32993,-118.57853,24,4,11,46
57,The Womb (Birthing Experience),107052779,3.0,1.0,12.0,37.329,-118.57473,129,46,207,236
58,Tubular,114189856,3.0,1.0,12.0,37.32954,-118.57498000000001,1,1,5,0
59,No Chicken,116715500,2.0,1.0,12.0,37.318259999999995,-118.5744,1,1,0,1
60,Ballbuster,112499920,2.0,1.0,20.0,37.33684,-118.57603999999999,1,1,2,0
61,Boneyard Rail Problem,111715390,2.0,1.0,14.0,37.32143,-118.58055,1,1,1,0
62,The Glass House Arete,114054434,2.0,1.0,20.0,37.31538,-118.5724,1,1,1,0
63,Unnamed,107347384,2.4,1.25,20.0,37.32881,-118.57468999999999,5,5,10,5
64,Hunting Dog,108477060,2.3,2.0,12.0,37.3377,-118.5701,18,1,6,22
65,Timothy Leary Presents...,112252241,3.4,2.0,20.0,37.33781,-118.57337,5,3,26,2
66,North Face Direct,106378692,3.3,2.0,20.0,37.32837,-118.57479,21,6,71,30
67,Birthday Left (SDS),106027084,2.1,2.0,12.0,37.330040000000004,-118.57901000000001,27,5,10,42
68,The Prow,106131018,2.8,2.0,16.0,37.330040000000004,-118.57901000000001,213,60,100,409
69,Inner Sanctum,107064103,2.4,2.0,8.0,37.32863,-118.57633999999999,49,12,42,81
70,Green Wall Essential,105936142,3.1,2.0,20.0,37.32873,-118.57534,287,82,162,493
71,Monkey Dihedral,106908986,3.3,2.0,17.0,37.32944000000001,-118.57548,71,18,158,108
72,Scoop,115381134,2.0,2.0,15.0,37.33057,-118.57834,2,1,0,2
73,Problem A,106322579,2.6,2.0,15.0,37.32906,-118.5768,16,5,14,24
74,Hobbs' Problem,106353989,3.0,2.0,15.0,37.32909,-118.57791,25,6,28,37
75,The Hunk,106382086,3.7,2.0,20.0,37.32886,-118.57512,182,56,292,267
76,Dale's Right,106418652,3.0,2.0,15.0,37.31777,-118.57443,7,2,7,6
77,"No Words, No Talk",112499909,1.0,2.0,32.0,37.33684,-118.57603999999999,1,1,0,0
78,Xen,111728209,3.5,2.0,12.0,37.32287,-118.5802,4,1,24,2
79,Birthday Link,106277567,2.6,2.25,12.0,37.330040000000004,-118.57901000000001,25,7,12,50
80,Perry's Pose,111683780,3.0,3.0,10.0,37.3388,-118.5776,2,1,16,2
81,Edge of Reason,111730011,2.2,3.0,13.0,37.32508,-118.58025,6,3,10,6
82,Lidija's Mouth,106589288,3.5,3.0,12.0,37.3377,-118.5701,77,28,171,87
83,Bee Sneeze,108087978,3.3,3.0,20.0,37.3378,-118.5725,6,5,17,5
84,Scooped Face,108107994,3.0,3.25,25.0,37.3378,-118.5727,6,4,5,4
85,Birthday Direct,106027088,3.3,3.0,12.0,37.330040000000004,-118.57901000000001,239,80,317,391
86,Problem E,106277539,2.5,3.0,12.0,37.330040000000004,-118.57901000000001,8,3,9,14
87,Problem F,106277548,2.6,3.0,12.0,37.330040000000004,-118.57901000000001,13,2,8,20
88,Birthday Skyline,106277573,2.5,3.0,12.0,37.330040000000004,-118.57901000000001,68,17,39,86
89,Dyno Problem,108048847,2.4,3.0,12.0,37.32863,-118.57633999999999,10,6,5,11
90,East Rib,107908759,3.5,3.0,30.0,37.32873,-118.57534,15,3,16,15
91,Roadside Highball,107916146,3.5,3.0,18.0,37.3282,-118.5761,15,3,11,15
92,Slots,107987370,1.5,3.0,12.0,37.3282,-118.5762,2,1,5,1
93,Dough Boy,108637157,2.5,3.0,15.0,37.330220000000004,-118.57882,4,1,8,5
94,East Side Story,108367743,3.8,3.0,30.0,37.33057,-118.57834,17,10,100,18
95,King Tut,105972724,3.3,3.0,17.0,37.329,-118.5773,216,54,209,350
96,Funky Tut,106077053,3.2,3.0,15.0,37.329,-118.5773,218,48,127,388
97,Pope's Problem,109565882,3.3,3.25,25.0,37.33013,-118.5785,8,6,32,5
98,Dale's Left,106568823,2.7,3.0,18.0,37.31777,-118.57443,3,2,2,2
99,Agent Orange,116715318,1.0,3.0,12.0,37.31821,-118.57395,1,1,0,1
100,Bone Bulge,111715456,1.0,3.0,14.0,37.32143,-118.58055,1,1,0,0
101,Split Arete,111728223,2.0,3.0,14.0,37.32287,-118.5802,1,1,2,0
102,Green Face,114054355,2.0,3.0,15.0,37.31829000000001,-118.5863,1,1,0,0
103,HooHaw,115394209,2.5,3.0,14.0,37.33501,-118.55503,2,1,7,2
104,Big Dave's Big Find,106916321,1.5,3.25,15.0,37.3276,-118.5757,2,2,3,2
105,Cuban Roll,106568885,3.5,3.25,20.0,37.31742,-118.5743,12,6,20,11
106,Charlie Brown,111712253,1.5,3.25,10.0,37.322829999999996,-118.57926,4,3,0,3
107,West Corner,105969025,2.2,3.5,12.0,37.32837,-118.57479,13,4,13,15
108,Grovel Roof,106909066,2.6,3.5,15.0,37.32987,-118.57783,8,3,15,10
109,Follow The Pollen Path,109665927,2.3,3.75,15.0,37.3383,-118.5721,6,1,8,8
110,Buttermilk Stem SDS,109519160,3.4,3.75,15.0,37.32906,-118.5768,40,15,77,71
111,Grommit,106381955,3.7,4.0,15.0,37.3388,-118.5776,18,8,44,15
112,"No Sense, No Reason",111730042,2.8,4.0,13.0,37.32508,-118.58025,6,2,13,7
113,Beekeeping for Profit & Pleasure,106408152,3.1,4.0,25.0,37.3383,-118.5721,14,3,30,16
114,Jedi Mind Tricks,106464345,3.9,4.0,25.0,37.3366,-118.5703,121,45,546,160
115,Slipstream,111728208,1.7,4.0,10.0,37.32837,-118.57479,3,1,1,2
116,East Face Sit,114263540,2.7,4.0,35.0,37.32888,-118.57484,3,2,2,2
117,Dripper,115681919,3.0,4.0,25.0,37.32888,-118.57484,2,1,1,1
118,Problem B SDS,108934821,1.0,4.0,10.0,37.32873,-118.57534,2,1,1,5
119,Problem B,107987397,1.6,4.0,18.0,37.3282,-118.5761,5,2,3,7
120,Hager Face,106095854,2.3,4.0,15.0,37.33014,-118.57777,6,1,7,7
121,Unnamed V4,1073709864,1.5,4.0,8.0,37.330009999999994,-118.57811000000001,2,1,2,2
122,Nan Bread,108637144,3.3,4.0,15.0,37.330220000000004,-118.57882,11,5,27,10
123,Wimberries,107024502,2.7,4.0,15.0,37.329,-118.5773,22,8,9,26
124,Problem D SDS,108048884,1.0,4.0,12.0,37.329,-118.5773,1,1,2,3
125,Unnamed (Brian's Finish),106130703,2.3,4.0,15.0,37.32906,-118.5768,12,5,3,14
126,Unnamed V4,1064427444,2.4,4.0,15.0,37.32993,-118.57853,22,6,7,42
127,Green Hornet,106737211,3.9,4.0,18.0,37.3185,-118.5781,38,18,95,45
128,The Form,111711869,2.0,4.0,20.0,37.336729999999996,-118.57571999999999,1,1,0,0
129,The Roof,111711939,1.0,4.0,17.0,37.336729999999996,-118.57571999999999,1,1,0,0
130,"Harder, Browner",111712307,1.3,4.0,11.0,37.322829999999996,-118.57926,3,2,0,3
131,Boneyard Dyno,111715402,1.0,4.0,13.0,37.32143,-118.58055,1,1,1,0
132,Unknown,114054366,2.0,4.0,10.0,37.31858,-118.58555,1,1,2,0
133,Burger Barn Boogie,116182012,2.0,4.25,25.0,37.32878,-118.57687,1,1,0,0
134,Macabre Proposition,111715447,2.0,4.25,15.0,37.32143,-118.58055,1,1,0,0
135,Checkerboard Crack,106705993,1.8,5.0,14.0,37.32544,-118.58067,4,4,1,6
136,Knight,111729996,2.0,5.0,15.0,37.32544,-118.57988,1,1,2,0
137,The Beekeeper's Apprentice,108473024,3.1,5.0,25.0,37.3383,-118.5721,7,3,20,7
138,Suspended in Silence,106645675,3.8,5.25,40.0,37.3377,-118.5701,61,26,104,57
139,Gazelle,112432529,2.3,5.0,15.0,37.3377,-118.5701,7,1,3,9
140,Go Granny Go,105879221,2.9,5.0,15.0,37.32837,-118.57479,128,47,172,172
141,Go Granny Go  Right Finish (V5),1066626505,3.0,5.0,10.0,37.32837,-118.57479,56,16,62,79
142,Transporter Room,107956650,2.7,5.0,45.0,37.32817,-118.57477,3,1,3,2
143,"Gleaming the Cube, High Start",108512652,2.6,5.0,15.0,37.32863,-118.57633999999999,15,8,10,30
144,Pain Grain (Stand),114007601,3.3,5.0,12.0,37.32863,-118.57633999999999,9,3,25,14
145,2D,1140250392,2.0,5.0,15.0,37.32863,-118.57633999999999,1,1,0,1
146,Marsha's Scoop (AKA Marsha's Nipple),107916151,3.5,5.0,10.0,37.3282,-118.5762,2,1,8,2
147,Gutter Ball,115681956,2.0,5.0,20.0,37.32959,-118.5772,1,1,0,0
148,Leary/Bard Arete,106351951,3.8,5.0,18.0,37.32909,-118.57791,73,15,103,98
149,Leary-Bard Left,108000535,3.3,5.0,15.0,37.32909,-118.57791,10,4,10,8
150,Early Exit,106916326,3.7,5.0,15.0,37.3276,-118.5757,3,2,21,3
151,Bachar Problem Right/ Golden Boy,106965066,2.7,5.0,15.0,37.32889,-118.57441000000001,24,10,10,26
152,Xenolith Dyno-soar,111711826,2.0,5.0,12.0,37.336729999999996,-118.57571999999999,1,1,0,0
153,Pig Pen,111712325,2.0,5.0,12.0,37.322829999999996,-118.57926,2,2,0,1
154,The Glass Face,114054440,3.0,5.25,20.0,37.31538,-118.5724,1,1,6,0
155,Lubricated Baby Boomers,115394099,3.0,5.0,14.0,37.33501,-118.55503,2,1,6,2
156,Bachar Problem Left,106965059,3.0,5.25,15.0,37.32889,-118.57441000000001,21,10,18,19
157,The Golden Rule,114260637,2.0,5.5,34.0,37.33559,-118.57678999999999,1,1,1,0
158,Bowling Pin Sit,107419834,3.4,5.75,15.0,37.32959,-118.5772,86,41,99,114
159,Howard Carter SDS,106137389,2.3,5.75,15.0,37.329,-118.5773,24,9,9,33
160,Secrets of the Beehive,106616292,3.9,6.0,25.0,37.337109999999996,-118.5759,11,9,35,7
161,Seven Spanish Angels (aka The Ruckus),106070976,3.9,6.0,14.0,37.3388,-118.5776,170,63,511,231
162,Kings and Castles,111744241,2.5,6.0,10.0,37.32547,-118.57996999999999,2,2,0,1
163,The Beekeeper,106408175,3.8,6.25,40.0,37.3383,-118.5721,11,7,27,10
164,Drone Militia,106656303,3.8,6.0,30.0,37.3377,-118.5701,26,13,54,23
165,Problem C,110416001,2.0,6.0,12.0,37.330040000000004,-118.57901000000001,1,1,1,0
166,Bard Route,116066884,3.0,6.0,12.0,37.330040000000004,-118.57901000000001,1,1,2,1
167,Change of Heart,106352593,3.6,6.0,35.0,37.32888,-118.57484,39,20,100,37
168,Pope's Prow,105908245,3.9,6.0,15.0,37.32909,-118.57491999999999,42,14,167,62
169,Green Wall Center,106375359,3.4,6.0,18.0,37.32873,-118.57534,100,40,211,179
170,"Rib, No Rib SDS",114039712,2.5,6.0,12.0,37.33,-118.5782,2,2,0,2
171,Saigon,106022301,3.9,6.0,22.0,37.32944000000001,-118.57548,82,41,294,102
172,Flyboy,106050280,3.1,6.0,18.0,37.33057,-118.57834,20,11,128,22
173,Almost,114170601,2.0,6.0,12.0,37.33057,-118.57834,3,3,1,1
174,Milk the Milks,106322554,2.8,6.0,15.0,37.329,-118.5773,67,29,56,101
175,Unnamed Sloper to Lip,106352801,2.8,6.0,15.0,37.32909,-118.57791,5,2,2,4
176,Cosmonaut,107347397,2.3,6.0,20.0,37.32881,-118.57468999999999,4,2,4,3
177,Backside Mantel,110067698,0.0,6.0,13.0,37.32954,-118.57498000000001,0,1,1,0
178,Approaching Silence,107481967,4.0,6.0,14.0,37.31237,-118.57958,3,3,25,0
179,Evil Empire,111712021,2.0,6.0,15.0,37.32013,-118.57948999999999,1,1,2,0
180,Painted Cave,111712395,3.8,6.0,15.0,37.32317000000001,-118.57981000000001,8,2,37,5
181,Slashface of the Buttermilks,111715290,2.8,6.0,15.0,37.32317000000001,-118.57981000000001,5,3,3,4
182,Unnamed,111728233,1.0,6.0,15.0,37.32287,-118.5802,1,1,0,0
183,Snake Oil,114032729,2.4,6.5,24.0,37.3377,-118.5701,5,1,1,3
184,Dishy Grit,114039836,2.3,6.5,16.0,37.33,-118.5782,3,2,0,2
185,Swiss Legends,111728336,3.0,6.5,10.0,37.3184,-118.57521000000001,1,1,0,0
186,Walk Like an Egyptian,114066938,2.0,6.75,14.0,37.329,-118.5773,3,3,2,2
187,Get Carter,106070980,3.1,7.0,15.0,37.3388,-118.5776,19,9,38,17
188,Colin Goes Mental,111735874,2.5,7.0,20.0,37.32508,-118.58025,2,1,1,1
189,Mesothelioma,106628879,3.7,7.25,25.0,37.3383,-118.5721,3,2,11,2
190,Lidija's Mouth Direct,109979403,2.0,7.0,14.0,37.3377,-118.5701,2,1,3,2
191,The Ninth,109995560,4.0,7.0,20.0,37.3382,-118.571,1,1,15,1
192,Go Granny Ho,107551458,2.6,7.0,10.0,37.32837,-118.57479,32,10,26,40
193,High Plains Drifter,105908128,3.9,7.0,35.0,37.32888,-118.57484,179,79,408,232
194,Pain Grain SDS,107051296,3.3,7.0,15.0,37.32863,-118.57633999999999,30,8,60,56
195,Iron Monkey,107370896,2.5,7.0,20.0,37.330009999999994,-118.57811000000001,4,1,8,4
196,Magnetic Attractions,114039685,1.0,7.0,8.0,37.330009999999994,-118.57811000000001,2,2,1,1
197,Just Grit,114039791,2.0,7.0,12.0,37.33,-118.5782,2,1,1,1
198,Yayoi Right,106130751,3.1,7.0,17.0,37.32895,-118.57595,13,6,11,13
199,Cheezy Brit Sit Start,114025098,3.0,7.0,17.0,37.32906,-118.5768,1,1,3,1
200,Ken's Problem,114066844,2.0,7.0,18.0,37.32909,-118.57791,1,1,0,0
201,Unnamed v7,1075859467,2.2,7.0,10.0,37.32881,-118.57468999999999,16,11,1,19
202,Pinch Arete,113908015,4.0,7.0,10.0,37.32882,-118.57428,1,1,8,1
203,The Flake,108604974,2.8,7.0,12.0,37.3192,-118.5783,9,3,7,12
204,Evening Snow,111712347,2.0,7.0,15.0,37.322829999999996,-118.57926,1,1,1,0
205,Undercling Problem,111715315,2.0,7.0,15.0,37.32317000000001,-118.57981000000001,1,1,0,0
206,Junior's Achievement,107919156,3.1,7.25,18.0,37.32878,-118.57687,28,17,61,29
207,Checkerboard,106129151,4.0,7.5,20.0,37.32544,-118.58067,47,26,165,54
208,Change of Knobs,114066872,2.3,7.5,25.0,37.32888,-118.57484,3,2,3,2
209,Soul Slinger Right,107032733,2.8,7.75,15.0,37.32868,-118.57635,19,8,9,20
210,Xavier's Roof,108604948,3.9,7.75,25.0,37.31814,-118.57567,7,3,44,7
211,Checkerboard Direct,111730089,1.0,8.25,21.0,37.32544,-118.58067,1,1,2,0
212,Freeze All Cylinders,111726462,2.8,8.0,20.0,37.32508,-118.58025,4,3,3,5
213,Magnetic North,108019305,4.0,8.0,35.0,37.32837,-118.57479,6,3,54,8
214,Ten Pin Trial,111784838,2.9,8.0,20.0,37.32959,-118.5772,7,3,17,8
215,Iron Fly,106384926,2.6,8.0,10.0,37.330009999999994,-118.57811000000001,17,8,15,20
216,Just Dishy,114039853,2.0,8.0,16.0,37.33,-118.5782,2,1,0,1
217,Saigon Direct,107954191,3.4,8.0,25.0,37.32944000000001,-118.57548,11,4,34,15
218,Tenterhooks,106070964,2.0,8.0,10.0,37.32895,-118.57595,2,1,0,1
219,Yayoi,106130747,2.0,8.0,15.0,37.32895,-118.57595,1,1,3,0
220,Brian's Project,107051281,2.9,8.0,18.0,37.32906,-118.5768,18,9,25,23
221,Brian's Direct,114032557,2.3,8.0,17.0,37.32906,-118.5768,4,2,0,4
222,Upside,109826087,4.0,8.0,15.0,37.3276,-118.5757,1,1,28,2
223,Sharma Scoop,106965090,2.4,8.0,12.0,37.32889,-118.57441000000001,5,3,7,5
224,Cocktail Sauce,108527916,2.1,8.0,10.0,37.329229999999995,-118.57528,33,23,21,64
225,Croft Problem,107484827,2.6,8.0,10.0,37.32881,-118.57468999999999,17,7,15,21
226,Flight of the Bumblebee,111728148,3.0,8.25,35.0,37.33726,-118.57588,1,1,8,0
227,Northwest Arete,114260782,3.0,8.25,23.0,37.33559,-118.57678999999999,1,1,0,0
228,Solitaire,108447780,3.7,8.0,15.0,37.32013,-118.57948999999999,22,8,58,19
229,3D,1140250053,2.4,8.25,15.0,37.32863,-118.57633999999999,5,5,6,4
230,Moonraker,108453174,2.7,8.5,12.0,37.32863,-118.57633999999999,16,9,32,28
231,General Mills,114025059,2.3,8.5,18.0,37.32863,-118.57633999999999,7,6,1,7
232,Baby Steps to Greatness,115394177,3.0,8.5,25.0,37.33501,-118.55503,2,2,2,2
233,Michael Caine,106070972,2.9,8.75,15.0,37.3388,-118.5776,9,4,12,8
234,Checkerboard Right,111726453,2.0,9.0,20.0,37.32544,-118.58067,1,1,4,1
235,Footprints,109743926,3.5,9.25,50.0,37.32817,-118.57477,2,2,17,2
236,Soul Slinger,105908345,3.7,9.0,14.0,37.32868,-118.57635,82,25,182,110
237,The Fall Guy,106070948,4.0,9.0,20.0,37.33057,-118.57834,7,4,30,8
238,America's Fit Homeless,106070960,2.0,9.0,9.0,37.32895,-118.57595,1,1,2,0
239,Mooned,107954206,2.0,9.0,20.0,37.32878,-118.57687,1,1,3,1
240,Grit Dreams,112790712,2.0,9.0,18.0,37.32909,-118.57791,1,1,1,1
241,Luminance,111711207,4.0,9.25,20.0,37.33559,-118.57678999999999,4,3,24,2
242,Rise,114260568,2.0,9.25,40.0,37.33559,-118.57678999999999,1,1,1,0
243,This Side of Paradise,114104162,4.0,9.0,33.0,37.31797,-118.58542,1,1,8,0
244,Hueco Wall,111728292,3.0,9.5,19.0,37.31839,-118.57563,2,2,2,1
245,King Me,111726445,3.0,10.0,18.0,37.32544,-118.58067,1,1,3,0
246,Golden Shower,106628870,4.0,10.25,25.0,37.3383,-118.5721,1,1,11,0
247,Return Jedi,112213028,3.0,10.0,22.0,37.3366,-118.5703,2,1,11,2
248,Center Direct,106382046,2.3,10.0,12.0,37.32837,-118.57479,6,1,26,9
249,Evilution to the Lip,114067388,3.7,10.0,18.0,37.32817,-118.57477,3,1,26,4
250,Little Forgotten,114032671,3.3,10.0,26.0,37.32863,-118.57633999999999,3,1,3,3
251,Blood Spud,106070957,2.0,10.0,10.0,37.33057,-118.57834,1,1,2,0
252,Sidewinder,114066891,2.3,10.0,25.0,37.32878,-118.57687,3,2,0,2
253,Bubba Gump,107385718,2.9,10.0,10.0,37.329229999999995,-118.57528,7,3,20,9
254,Sharma Traverse,110067691,3.4,10.0,20.0,37.32954,-118.57498000000001,5,2,20,7
255,Zen Flute,106737771,3.6,10.0,13.0,37.3192,-118.5783,12,7,40,12
256,Too Big To Flail,111711154,3.0,10.25,55.0,37.33559,-118.57678999999999,1,1,14,0
257,Rex Kwon Do,114104084,4.0,10.0,15.0,37.31789000000001,-118.58488,2,2,4,1
258,Constellation,112384379,2.0,10.5,25.0,37.32996,-118.57784,1,1,2,0
259,Thunderbird,114106239,2.0,11.0,15.0,37.32837,-118.57479,1,1,3,0
260,Ambrosia,110088205,4.0,11.25,55.0,37.32817,-118.57477,1,1,20,2
261,La Belette,114067527,2.0,11.0,12.0,37.32817,-118.57477,2,2,2,1
262,Butterfinger,115681926,3.0,11.0,30.0,37.32909,-118.57491999999999,1,1,0,0
263,Sex Kitten,115394196,4.0,11.0,25.0,37.33501,-118.55503,1,1,3,1
264,Haroun & the Sea of Stories,106070952,4.0,11.5,20.0,37.33057,-118.57834,4,2,21,2
265,The Mandala,105908186,3.3,11.75,20.0,37.32909,-118.57491999999999,4,2,37,4
266,Michael Caine Sit Start,113891171,2.0,12.0,15.0,37.3388,-118.5776,1,1,0,1
267,Mystery,109563866,4.0,12.0,30.0,37.32837,-118.57479,1,1,11,0
268,Baburre,114106367,2.0,12.0,25.0,37.32837,-118.57479,1,1,1,0
269,Rastaman Vibration,110088242,2.5,12.0,50.0,37.32817,-118.57477,2,1,3,0
270,Form Destroyer,111711761,3.0,12.0,10.0,37.336729999999996,-118.57571999999999,1,1,7,0
271,A Maze of Death,114104119,4.0,12.0,14.0,37.31926,-118.58563999999998,2,1,13,1
272,Evilution,105908296,4.0,12.5,55.0,37.32817,-118.57477,5,1,40,4
273,Direction,115681899,3.0,13.25,50.0,37.32837,-118.57479,1,1,2,0
274,Buttermilker,109630293,4.0,13.0,20.0,37.32863,-118.57633999999999,1,1,14,0
275,The Beautiful and Damned,114104188,3.0,13.0,35.0,37.31797,-118.58542,1,1,2,0
276,The Swarm Direct,112499951,3.0,13.5,25.0,37.33726,-118.57588,1,1,3,0
277,The Swarm,111726081,4.0,14.0,20.0,37.33726,-118.57588,1,1,17,0
278,Tribal Wisdom,107032674,2.0,-0.75,20.0,37.30744,-118.43635,1,2,0,4
279,Downclimb,108593006,2.0,-1.0,18.0,37.30744,-118.43635,4,2,1,4
280,Quadraphenia,109724224,2.0,-1.0,25.0,37.30808,-118.43306000000001,2,2,1,2
281,Problem C,109724323,2.0,-1.0,12.0,37.30782,-118.43311000000001,1,1,1,2
282,Problem D,109724415,2.0,-1.0,12.0,37.30782,-118.43311000000001,1,1,1,2
283,Problem A,109724456,1.0,-1.0,10.0,37.30774,-118.43238000000001,1,1,1,2
284,Problem B,109724474,1.0,-1.0,10.0,37.30769,-118.43245,1,1,1,3
285,Problem B,109724493,1.0,-1.0,10.0,37.30754,-118.43258,1,1,0,3
286,The Eyes,109731518,3.0,-1.0,12.0,37.30749,-118.43253,1,1,4,4
287,Problem B,109731525,2.0,-1.0,10.0,37.30749,-118.43253,1,1,1,2
288,Lip Traverse,109731541,2.0,-1.0,15.0,37.30749,-118.43253,1,1,2,2
289,Norse Crack,108538714,1.0,-1.0,10.0,37.30705,-118.43773999999999,3,2,0,8
290,Problem A,112792995,1.0,-1.0,8.0,37.30705,-118.43773999999999,1,1,0,3
291,Galar,108593116,2.0,-1.0,16.0,37.307759999999995,-118.4374,1,1,1,2
292,Problem C,108593139,1.0,-1.0,20.0,37.307759999999995,-118.4374,1,1,1,2
293,Goi,108620978,2.0,-1.0,15.0,37.307159999999996,-118.43603999999999,1,1,0,3
294,Frilla,108620984,1.0,-1.0,12.0,37.307159999999996,-118.43603999999999,1,1,0,3
295,Problem B,108620995,1.0,-1.0,12.0,37.307159999999996,-118.43603999999999,1,1,0,2
296,Everlasting Soul,108592991,2.0,-0.25,20.0,37.30744,-118.43635,2,1,2,3
297,Problem A,109724468,1.0,-0.25,10.0,37.30769,-118.43245,1,1,2,2
298,Problem A,109731467,1.0,-0.25,10.0,37.30749,-118.43253,1,1,1,2
299,Dermatitis,109731485,2.0,-0.25,12.0,37.30749,-118.43253,1,1,4,2
300,Erik Bloody Axe,107530064,1.0,-0.25,15.0,37.30703,-118.43756,1,1,1,2
301,Problem A,108593124,1.0,-0.25,16.0,37.307759999999995,-118.4374,1,1,0,2
302,Wicca Tower,107530006,2.0,-0.25,20.0,37.3076,-118.43503,5,2,2,6
303,Sun Circle,108620905,2.0,0.0,18.0,37.307179999999995,-118.43633,1,1,1,2
304,Mothers of Perpetual Indulgence,109724177,2.6,0.0,12.0,37.30792,-118.43255,7,1,6,18
305,Erect,109724237,2.5,0.0,15.0,37.30808,-118.43306000000001,2,2,2,4
306,Problem A,109724486,2.0,0.0,10.0,37.30754,-118.43258,1,1,2,2
307,Psoriasis,109731479,2.0,0.0,12.0,37.30749,-118.43253,1,1,3,2
308,Erik the Bolder,114076668,2.0,0.0,8.0,37.3072,-118.43735,1,1,0,1
309,The Vibe,108538917,1.8,0.0,10.0,37.30758,-118.4365,6,1,0,13
310,Problem B,108620964,1.0,0.0,20.0,37.30727,-118.4362,1,1,0,0
311,Problem C,108620969,1.0,0.0,20.0,37.30727,-118.4362,1,1,0,0
312,Scoop,108621085,3.0,0.0,10.0,37.307109999999994,-118.43563,1,1,3,2
313,Jormungand,107032686,2.7,0.5,20.0,37.30744,-118.43635,3,4,4,3
314,Celtic Soul Rebel,114076678,2.0,0.25,9.0,37.3072,-118.43735,1,1,1,1
315,Antiquities of Cornwall,108538842,1.5,0.25,15.0,37.30753,-118.43633999999999,2,1,0,2
316,Unnamed,114076685,2.0,0.5,8.0,37.3072,-118.43735,1,1,1,0
317,Problem A,108620989,2.0,0.75,12.0,37.307159999999996,-118.43603999999999,1,1,3,2
318,Blood Kin,107032693,3.6,1.0,18.0,37.30744,-118.43635,15,6,40,20
319,Problem A,108592923,1.5,1.0,16.0,37.30733,-118.4365,2,1,0,2
320,Frey,108620684,1.0,1.0,16.0,37.307359999999996,-118.43648,1,1,0,2
321,You Can Cry If You Want To,107032732,2.8,1.0,15.0,37.30792,-118.43255,9,4,6,16
322,There Is No Party (Right),107032743,2.9,1.0,15.0,37.30792,-118.43255,17,5,7,28
323,Problem A,109724305,1.0,1.0,10.0,37.30782,-118.43311000000001,1,1,0,2
324,Hueco Problem,109731547,2.0,1.0,12.0,37.30749,-118.43253,1,1,2,2
325,Mister Gorgeous,114076715,2.0,1.0,20.0,37.30703,-118.43756,1,1,0,0
326,Gunhild,114076732,2.0,1.0,15.0,37.30703,-118.43756,1,1,0,1
327,Finland,108593042,2.0,1.0,25.0,37.30761,-118.43721000000001,1,1,1,2
328,Stavros,107203702,1.8,1.0,6.0,37.3071,-118.435,13,2,1,19
329,Problem A,112348224,3.0,1.25,15.0,37.30792,-118.43255,1,1,2,6
330,Through the Heart,106126770,2.1,1.5,12.0,37.306979999999996,-118.43701999999999,21,8,3,31
331,On a Whim,114101179,2.0,1.5,8.0,37.307109999999994,-118.43563,1,1,0,0
332,"Woodman, Woodman...",106279116,1.5,2.0,15.0,37.306979999999996,-118.43701999999999,2,1,1,1
333,Trollkind,114101259,1.5,2.0,6.0,37.306979999999996,-118.43701999999999,2,2,1,0
334,Well of Weird,108592930,2.0,2.0,16.0,37.30733,-118.4365,2,1,2,5
335,Winter Sun,108620915,2.5,2.0,12.0,37.307179999999995,-118.43633,2,1,2,3
336,The Ice Shirt,108620929,1.0,2.0,15.0,37.307179999999995,-118.43633,1,1,1,2
337,There Is No Party (Left Variation),107032753,3.0,2.0,15.0,37.30792,-118.43255,13,4,5,22
338,Pretty In Pink,107032758,3.1,2.0,12.0,37.30792,-118.43255,12,3,6,20
339,On The Edge,109724265,2.0,2.0,15.0,37.30782,-118.43321,1,1,2,2
340,If It's Not Norse It's Scottish,108538721,2.0,2.0,8.0,37.30705,-118.43773999999999,3,1,1,6
341,Able-Bodied Goblin,112529729,2.2,2.0,8.0,37.30758,-118.4365,10,4,4,12
342,E3 5c,10859302935,1.0,2.0,20.0,37.30758,-118.43728,1,1,0,2
343,Problem B,108593131,1.0,2.0,16.0,37.307759999999995,-118.4374,1,1,1,2
344,Problem A,108620958,1.0,2.25,20.0,37.30727,-118.4362,1,1,0,0
345,Death Mantel,108621000,1.0,2.0,10.0,37.307159999999996,-118.43603999999999,1,1,0,2
346,Re-write History,108621092,1.0,2.0,15.0,37.307109999999994,-118.43541,2,1,0,3
347,Yggdrassil,108592941,1.7,2.25,16.0,37.30733,-118.4365,3,1,3,4
348,Ainvar,108538909,1.9,2.25,8.0,37.30758,-118.4365,13,3,2,19
349,Fear of the Unknown,107009299,3.5,3.0,17.0,37.306979999999996,-118.43701999999999,10,5,14,10
350,Netherworld,109724071,2.0,3.0,10.0,37.30792,-118.43255,2,1,1,1
351,Good World,109724172,2.5,3.0,10.0,37.30792,-118.43255,2,1,3,7
352,There is no Party Left (variation),109724191,2.8,3.0,15.0,37.30792,-118.43255,4,1,2,8
353,Thunder,106079188,3.4,3.0,11.0,37.30761,-118.43628000000001,59,16,49,73
354,Missack,108621009,2.0,3.0,12.0,37.307109999999994,-118.43566000000001,3,3,3,3
355,Lollipop,108621114,1.5,3.0,10.0,37.3071,-118.435,4,1,1,5
356,Halfway House,112776229,2.0,3.0,15.0,37.30959,-118.4361,1,1,0,0
357,Blood Kin Sit,107032713,3.0,4.0,18.0,37.30744,-118.43635,5,5,6,5
358,Truth Crushed to Earth Will Rise Again,108592964,2.0,4.0,15.0,37.307359999999996,-118.43648,2,1,2,3
359,Sheep Cat Lives On,108620741,2.0,4.25,25.0,37.307359999999996,-118.43648,1,1,0,0
360,Problem A,108620746,1.0,4.0,12.0,37.307359999999996,-118.43648,1,1,0,2
361,Dreams of Winter,108620922,2.0,4.0,15.0,37.307179999999995,-118.43633,1,1,1,2
362,Pretty in Pink - Left Variation,109724183,2.8,4.0,15.0,37.30792,-118.43255,4,2,2,4
363,Freek Flag,109724206,2.2,4.0,15.0,37.30792,-118.43255,5,3,1,5
364,Morning Glory,112519639,4.0,4.0,18.0,37.30808,-118.43306000000001,1,1,3,0
365,Afternoon Delight,112519880,2.0,4.0,19.0,37.30808,-118.43306000000001,1,1,0,0
366,Izzy Lizzy,109724272,4.0,4.0,15.0,37.30782,-118.43321,1,1,3,2
367,Brother Law,112776962,2.7,4.0,10.0,37.30764,-118.4361,3,3,3,2
368,Kredulf,106079179,3.8,4.0,12.0,37.30761,-118.43628000000001,30,14,67,33
369,Spoiled Blond,112520755,2.9,4.0,8.0,37.30758,-118.4365,8,5,7,7
370,A Maid of Constant Sorrow,114101002,2.0,4.0,10.0,37.30758,-118.4365,1,1,0,0
371,Wimmin of Climbing,108621025,1.0,4.0,8.0,37.307109999999994,-118.43563,1,2,0,0
372,The Hidden Value of a Cheap Thrill,108621125,1.0,4.0,10.0,37.307109999999994,-118.43541,2,2,0,3
373,Kojakian Wisdom Reworked,108621109,3.0,4.0,16.0,37.3071,-118.435,9,2,5,12
374,Chaps,114101268,2.0,4.0,10.0,37.30751,-118.43588999999999,1,1,0,0
375,Vinland,108592983,1.0,4.25,12.0,37.307359999999996,-118.43648,2,1,0,3
376,Arch Drude,107205673,3.7,4.75,18.0,37.3074,-118.4372,23,13,34,21
377,Fear of the Unknown (Sit),107018224,3.0,5.0,17.0,37.306979999999996,-118.43701999999999,4,3,2,1
378,Prostrate to the Higher Mind,106123695,2.8,5.0,12.0,37.30761,-118.43628000000001,9,6,12,14
379,Arch Drude (Left Start),108559707,3.8,5.0,18.0,37.3074,-118.4372,13,8,27,12
380,Flawed Genius,108593019,2.6,5.0,15.0,37.3074,-118.4372,5,1,3,5
381,Hook Line and Sinker,107203666,3.0,5.0,12.0,37.307109999999994,-118.43541,21,6,13,28
382,Suspenders,107203672,3.2,5.0,15.0,37.307109999999994,-118.43541,16,4,3,22
383,The Handcuff Manual,114066762,2.0,5.0,13.0,37.30751,-118.43588999999999,2,1,0,1
384,Puberty,114101341,2.0,5.5,4.0,37.30787,-118.43748000000001,2,1,0,1
385,The Greatest Imperfection...,108559728,2.8,6.0,17.0,37.306979999999996,-118.43701999999999,4,1,2,3
386,Pleiades,108592976,2.0,6.0,12.0,37.307359999999996,-118.43648,3,1,2,2
387,Skye Dance,106079071,3.8,6.0,18.0,37.30766,-118.43605,29,14,56,32
388,McCallum,112523256,3.5,6.0,21.0,37.30766,-118.43605,2,1,2,1
389,Guilty Conscience,112523312,3.0,6.0,18.0,37.30766,-118.43605,2,1,1,1
390,Natural Philosophy,106079231,2.0,6.0,10.0,37.30761,-118.43628000000001,2,3,1,1
391,Cayla,106322946,3.9,7.0,16.0,37.30766,-118.43605,7,4,14,2
392,All Fired Up,107205724,3.6,7.0,13.0,37.30764,-118.4361,5,2,20,4
393,Soul Window,112523224,2.5,8.0,18.0,37.30766,-118.43605,2,1,0,1
394,Through the Window,112523238,3.0,8.0,18.0,37.30766,-118.43605,2,1,0,2
395,Red Light District,107205646,2.0,8.0,16.0,37.307109999999994,-118.43541,2,1,2,1
396,Days of Blunder,106079201,2.0,8.5,15.0,37.30761,-118.43628000000001,2,2,2,2
397,Golden Child,106126834,3.0,9.0,15.0,37.30733,-118.4365,3,2,3,2
398,Lizard Therapy,112573520,4.0,9.0,12.0,37.30751,-118.43588999999999,2,1,4,2
399,The Sloth,114059031,3.0,9.25,19.0,37.306979999999996,-118.43701999999999,2,2,0,1
400,Shock Therapy,114101201,1.0,9.5,12.0,37.30751,-118.43588999999999,1,1,0,0
401,Denton's Remorse,112523189,3.5,10.0,20.0,37.30761,-118.43628000000001,4,3,9,3
402,Sleipnir,114101331,2.0,11.0,28.0,37.307359999999996,-118.43648,1,1,0,0
403,Denton Calhoun,106079174,3.0,11.0,20.0,37.30761,-118.43628000000001,1,1,0,0
404,Gasperini,114076384,3.0,11.5,15.0,37.30766,-118.43605,1,1,1,0
405,Lounge Lizards,112574811,3.0,12.0,14.0,37.30751,-118.43588999999999,1,1,3,0
406,Time To Play (Variation 1),1062753681,0.7,-1.0,8.0,37.41632,-118.44928,3,1,2,6
407,All The Way Down,106093066,1.7,-1.0,15.0,37.41724,-118.45103,20,5,7,50
408,Hydra Pilferers,106131947,1.4,-1.0,12.0,37.41724,-118.45103,26,10,4,51
409,Path,106093034,2.1,-1.0,20.0,37.41718,-118.45095,29,10,11,65
410,Which Road,106093041,2.1,-1.0,15.0,37.41718,-118.45095,94,28,56,218
411,Problem B,106997417,1.0,-1.0,12.0,37.41675,-118.44941999999999,1,1,0,3
412,Toffee Crack,106977850,1.7,-1.0,12.0,37.41654000000001,-118.44872,3,1,3,5
413,Problem A,106273745,1.4,-1.0,10.0,37.41525,-118.44878,5,2,2,15
414,Margo's Arete,106132040,1.7,-1.0,10.0,37.418,-118.45200000000001,40,10,9,76
415,Time To Go,106275325,1.7,-0.25,15.0,37.41632,-118.44928,6,1,5,9
416,Wolverine,106275332,1.2,-0.25,15.0,37.41632,-118.44928,6,1,6,10
417,Time To Play,106275356,2.1,-0.25,10.0,37.41632,-118.44928,7,2,7,13
418,Time To Play - Variation 2,1062753782,1.0,-0.25,10.0,37.41632,-118.44928,3,1,3,7
419,X-Static,106086103,1.9,-0.25,15.0,37.41747,-118.45136000000001,12,7,11,24
420,Celestial Trail,106093004,3.0,-0.25,25.0,37.41718,-118.45095,217,53,80,421
421,One Note Sample,106976636,2.0,-0.25,15.0,37.41728,-118.45034,1,1,1,2
422,Loop,106976643,1.0,-0.25,12.0,37.41728,-118.45034,1,1,0,2
423,Dirty Sound,106976658,1.0,-0.25,12.0,37.41728,-118.45034,1,1,0,2
424,Silence So Red,106331136,1.2,-0.25,15.0,37.41788,-118.45147,12,6,4,23
425,Pokeriotus,106997334,1.8,-0.25,20.0,37.41675,-118.44941999999999,4,1,1,6
426,Problem A,106997192,2.0,-0.25,10.0,37.41675,-118.44941999999999,1,1,0,3
427,"Veruca Salt, I Want You",106977720,2.1,-0.25,12.0,37.41649,-118.4489,14,2,2,24
428,"A Flake As Marvelous As You, Veruca",106977777,2.8,-0.25,15.0,37.41654000000001,-118.44888,12,3,12,25
429,"Veruca, I Will Do Anything",106977818,1.0,-0.25,15.0,37.41654000000001,-118.44872,4,1,0,8
430,"Veruca, Veruca",106977842,1.3,-0.25,18.0,37.41654000000001,-118.44872,3,2,1,8
431,My Veruca,106977875,1.5,-0.25,10.0,37.41661,-118.44888,4,2,2,11
432,I'll Kick The Butt Of That Mike Teavee,106977892,1.3,-0.25,10.0,37.41661,-118.44888,4,3,2,13
433,If That Augustus Gloop Looks At You One More Time...,106977921,1.3,-0.25,10.0,37.41661,-118.44888,3,2,2,9
434,Violet Beauregarde Sucks,106977934,1.6,-0.25,10.0,37.41661,-118.44888,5,3,2,13
435,Fizzwiggwiggler,106977990,1.0,-0.25,12.0,37.416579999999996,-118.44895,2,1,1,4
436,Latona Basin,107898107,1.0,-0.25,10.0,37.41622,-118.45021000000001,3,1,0,9
437,Aaarhhhhh,107939677,1.0,-0.25,10.0,37.4191,-118.4543,1,1,0,3
438,Brock Bating,107942309,1.0,-0.25,10.0,37.4191,-118.4543,1,1,0,4
439,Marriage-Go-Round,111470791,1.0,-0.25,15.0,37.4191,-118.4546,1,1,2,3
440,Pish,111480916,1.0,-0.25,15.0,37.4191,-118.4546,1,1,0,2
441,Strangle Hold,111480923,1.0,-0.25,12.0,37.4191,-118.4546,1,1,2,3
442,Problem A,107939703,1.0,-0.25,10.0,37.41904,-118.45447,2,1,0,9
443,Dumb,106132000,1.9,-0.25,10.0,37.418,-118.45200000000001,20,6,7,34
444,Duck Soup,106132031,1.9,-0.25,10.0,37.418,-118.45200000000001,52,15,8,112
445,Mmm... Nice,106132901,2.0,-0.25,10.0,37.4178,-118.4519,46,9,9,106
446,Unnamed 5,1061329665,2.0,-0.25,8.0,37.4178,-118.4519,29,3,2,66
447,Lack Luster,106275444,1.8,-0.25,10.0,37.41581,-118.44905,22,4,2,36
448,Chrysler Crack,112475799,2.5,-0.25,13.0,37.41599,-118.44842,11,4,10,30
449,Crash Dive,106086077,1.3,-0.25,20.0,37.418440000000004,-118.45268999999999,7,3,1,16
450,Durban Poison,106086085,1.9,-0.25,18.0,37.418440000000004,-118.45268999999999,18,6,3,44
451,Sentimental Africa,106331075,1.2,-0.25,15.0,37.418440000000004,-118.45268999999999,5,4,2,17
452,Future Planet of Style,106086659,1.1,-0.25,10.0,37.41898,-118.45338999999998,23,7,2,60
453,Blameless,106331254,2.0,-0.25,12.0,37.41896,-118.45364,4,2,1,7
454,Shameless,106331264,1.2,-0.25,12.0,37.41896,-118.45364,5,3,0,8
455,Bitter Lander Cowboys,111480971,1.0,-0.25,15.0,37.41919,-118.45364,1,1,0,3
456,Golden,114153397,1.0,-0.25,12.0,37.41682,-118.45066000000001,1,1,0,4
457,Problem A,107939656,2.2,0.0,10.0,37.416309999999996,-118.44951,5,1,3,11
458,Portal to the World,111729475,1.0,0.0,8.0,37.416309999999996,-118.44951,1,1,2,3
459,High Road,106093021,2.2,0.0,25.0,37.41718,-118.45095,73,20,27,147
460,Mother Earth,107035601,1.0,0.0,15.0,37.41711,-118.45128000000001,1,1,4,9
461,Runaway Slave,106976691,1.8,0.0,12.0,37.41728,-118.45034,5,2,0,11
462,Bark,106976698,1.0,0.0,12.0,37.41728,-118.45034,2,1,0,5
463,Althea,106331143,2.8,0.0,20.0,37.41788,-118.45147,30,8,20,35
464,Take California,106997092,1.0,0.0,10.0,37.41675,-118.44941999999999,1,1,0,3
465,Oh Brother...,106997363,2.0,0.0,8.0,37.41675,-118.44941999999999,2,1,4,4
466,Chocolate,106977710,1.7,0.0,15.0,37.41649,-118.4489,6,1,1,15
467,Problem A,106977753,1.0,0.0,10.0,37.41646,-118.44882,1,1,0,3
468,Garbage Chute,106977901,2.2,0.0,10.0,37.41661,-118.44888,5,2,3,13
469,Little Brute,106977941,1.0,0.0,10.0,37.41661,-118.44888,2,2,1,6
470,Frontierland,106279678,1.7,0.0,12.0,37.4155,-118.44922,9,3,2,10
471,Merriweather,106279690,2.0,0.0,10.0,37.41549000000001,-118.44928,3,3,0,5
472,Wall,107541943,1.0,0.0,18.0,37.4156,-118.4494,1,1,0,4
473,Youth,107045679,2.0,0.0,10.0,37.41569000000001,-118.44957,2,1,2,3
474,Pompidou,107898197,1.5,0.0,12.0,37.41622,-118.45021000000001,2,1,1,5
475,Wall and Slab,107939664,1.0,0.0,15.0,37.4191,-118.4543,1,1,0,3
476,Nice Curves,111480903,1.0,0.0,15.0,37.4191,-118.4546,1,1,1,3
477,Giant,106132910,1.5,0.0,10.0,37.4178,-118.4519,32,8,1,74
478,The Pursuit of Wow,106273867,3.4,0.0,20.0,37.41587,-118.44899,87,16,165,129
479,Topsy-Turvy Times,106273879,1.8,0.25,22.0,37.41587,-118.44899,11,3,3,17
480,Wow Is Me,106273831,1.9,0.0,8.0,37.41581,-118.44905,15,4,3,26
481,Ain't But This Other Way,112574335,2.0,0.0,6.0,37.415820000000004,-118.44842,2,2,3,14
482,Zero Roof,112475705,2.7,0.0,8.0,37.4159,-118.44855,18,9,12,47
483,Zero Hero,112475711,2.0,0.0,5.0,37.4159,-118.44855,3,2,4,9
484,Zero,112475780,2.0,0.0,7.0,37.4159,-118.44856999999999,6,3,7,21
485,Zero Arete,112475869,1.5,0.0,8.0,37.4159,-118.44856999999999,4,3,3,5
486,Jugula,112475878,2.0,0.0,8.0,37.4159,-118.44856999999999,1,1,5,6
487,Elephant Graveyard,106086059,2.1,0.0,15.0,37.418440000000004,-118.45268999999999,17,5,11,40
488,Incoming,106086071,2.4,0.0,20.0,37.418440000000004,-118.45268999999999,10,3,7,17
489,Cilley Mantel,106326694,1.8,0.0,10.0,37.41847,-118.45248000000001,20,11,5,37
490,Problem A,111470673,1.0,0.0,10.0,37.41827,-118.45276000000001,1,1,3,3
491,Don't Be A Cry Baby,111481114,2.0,0.0,15.0,37.41925,-118.45371999999999,1,1,1,3
492,Corner Route,106100119,3.3,0.25,18.0,37.41632,-118.44928,109,20,194,192
493,Indicision,106086113,1.6,0.25,15.0,37.41747,-118.45136000000001,17,9,13,27
494,Happy Hooker,106130507,2.1,0.25,10.0,37.41724,-118.45103,102,33,56,210
495,Carpenters Arete,106131955,1.5,0.25,10.0,37.41724,-118.45103,27,10,5,60
496,Any Which Way,106131960,1.8,0.25,10.0,37.41724,-118.45103,46,10,6,95
497,Cross Roads,106093012,2.6,0.25,25.0,37.41718,-118.45095,62,17,31,106
498,Donkey Boy,106093047,2.5,0.25,18.0,37.41718,-118.45095,70,22,27,150
499,Blue Note Special,106976711,3.0,0.25,12.0,37.41728,-118.45034,1,1,11,3
500,Problem A,106997072,1.0,0.25,12.0,37.41675,-118.44941999999999,1,1,0,3
501,Flying Saucer,106997387,2.7,0.25,15.0,37.41675,-118.44941999999999,6,3,5,12
502,"Oh Baby, Veruca!",106977743,1.0,0.25,15.0,37.41646,-118.44882,1,1,0,4
503,Vermicious Knid,106977977,1.5,0.25,15.0,37.41646,-118.44882,2,1,0,5
504,Lichen Slab,106273783,2.0,0.25,15.0,37.41548,-118.44911,1,1,0,5
505,Grand Trianon,107898123,1.0,0.25,10.0,37.41622,-118.45021000000001,2,1,0,4
506,The Salon of Hercules,107898203,1.0,0.25,12.0,37.41622,-118.45021000000001,1,1,1,6
507,Napoleon's Bedroom,107898211,2.0,0.25,12.0,37.41622,-118.45021000000001,1,1,2,6
508,Hog Farm,106086162,1.7,0.25,10.0,37.416470000000004,-118.44993999999998,19,6,2,35
509,Tom's Cruise,107035617,2.0,0.25,15.0,37.4191,-118.4546,1,2,1,8
510,Flyboy,107939713,1.0,0.25,10.0,37.4191,-118.4546,1,1,4,4
511,Invisibility Lessons,111480898,1.0,0.25,15.0,37.4191,-118.4546,1,1,1,3
512,Too Hard For Bob Harrington,106275390,1.4,0.25,15.0,37.41607,-118.44887,5,2,1,10
513,Too Much For Mike Pope,106275397,2.4,0.25,15.0,37.41607,-118.44887,13,4,3,29
514,Classique,106275404,2.9,0.25,15.0,37.41607,-118.44887,43,10,18,83
515,Ain't But the One Way,107504667,2.7,0.25,15.0,37.415820000000004,-118.44842,58,17,57,143
516,You're a Disc Jockey: Whats That?,106086065,1.2,0.25,15.0,37.418440000000004,-118.45268999999999,5,1,1,8
517,Circle of Life,106326679,2.2,0.25,10.0,37.41847,-118.45248000000001,28,11,6,64
518,Ghetto Justice,106326737,1.3,0.25,10.0,37.41857,-118.45256,4,3,2,11
519,Amphibian / Junkyard,106086670,2.1,0.25,12.0,37.41898,-118.45338999999998,20,8,9,50
520,Lady Chatterley's Toy Boy,111481003,1.0,0.25,12.0,37.41919,-118.45364,1,1,1,3
521,Landlord,114153388,1.0,0.25,12.0,37.41682,-118.45066000000001,1,1,0,2
522,Problem A,111480940,1.0,0.75,8.0,37.41898,-118.45338999999998,1,1,1,4
523,The Tall Wall,106100127,3.0,1.25,25.0,37.41632,-118.44928,13,4,28,18
524,Tin Medusa Right,106275348,1.8,1.0,10.0,37.41632,-118.44928,6,1,7,14
525,Totty Traverse,106997445,2.7,1.0,40.0,37.416109999999996,-118.44921000000001,33,6,9,66
526,Hair Loss,107027041,2.0,1.0,20.0,37.41617,-118.4493,1,2,0,2
527,Halloween,109127875,1.0,1.0,15.0,37.41617,-118.4493,2,1,1,4
528,Jugs of Life,106086108,2.2,1.0,15.0,37.41747,-118.45136000000001,11,3,21,21
529,Castrate Your Television,108570567,1.6,1.0,12.0,37.41747,-118.45136000000001,7,1,7,8
530,Western Round Up,106086128,1.9,1.0,12.0,37.41737,-118.45125,56,22,23,131
531,Vision Arete,106093077,1.8,1.0,15.0,37.41724,-118.45103,14,5,6,36
532,Swing Your Partner,106131986,2.0,1.0,12.0,37.41724,-118.45103,39,11,15,61
533,Grant's Christmas Present,106131992,2.6,1.0,10.0,37.41724,-118.45103,107,38,68,225
534,Heavenly Path,105996532,3.6,1.0,25.0,37.41718,-118.45095,420,119,324,761
535,Crossed Paths,106130398,2.7,1.0,25.0,37.41718,-118.45095,13,2,8,28
536,Unknown,108306184,2.5,1.0,20.0,37.41718,-118.45095,6,3,4,13
537,Hole in my Heart,107035596,2.1,1.0,15.0,37.41711,-118.45128000000001,15,3,7,32
538,One-Pull,106976674,1.0,1.0,12.0,37.41728,-118.45034,2,1,1,7
539,Immigration In The Media Is A Chossy Belly Bulge,106976683,1.8,1.0,12.0,37.41728,-118.45034,4,2,1,9
540,Naked,106996976,1.3,1.25,20.0,37.41675,-118.44941999999999,3,3,1,1
541,Problem A,106997228,1.0,1.0,12.0,37.416959999999996,-118.44946999999999,1,1,0,3
542,Problem A,106997216,1.0,1.0,8.0,37.41675,-118.44941999999999,1,1,0,3
543,Joel,106997369,1.0,1.0,12.0,37.41675,-118.44941999999999,1,1,0,3
544,Frisbee,106997400,1.0,1.0,12.0,37.41675,-118.44941999999999,2,2,1,5
545,Problem A,106997411,2.0,1.0,15.0,37.41675,-118.44941999999999,1,1,1,3
546,OK: I'll Share With Charlie Bucket,106977961,2.0,1.0,15.0,37.41646,-118.44882,2,1,0,6
547,But Not With Willie Wonka,106977968,1.0,1.0,15.0,37.41646,-118.44882,1,1,0,3
548,Tall Wall Left,106114159,2.5,1.25,28.0,37.41698,-118.45133,2,1,4,1
549,Problem B,106272945,1.0,1.0,15.0,37.41511,-118.44859,1,1,0,3
550,Problem B,106273750,2.2,1.0,10.0,37.41525,-118.44878,39,6,7,74
551,Problem A,107045690,1.5,1.0,10.0,37.41569000000001,-118.44957,2,1,0,6
552,Problem F,107045725,1.0,1.0,10.0,37.41569000000001,-118.44957,1,1,1,1
553,No sleepy Yet,107045594,0.0,1.0,10.0,37.41588,-118.44993000000001,1,1,0,2
554,If Bishop Were France,107541995,2.0,1.0,15.0,37.416,-118.45,1,1,1,2
555,King Louis,107898170,2.6,1.0,12.0,37.41622,-118.45021000000001,7,3,6,10
556,Sharp and Short,107898223,1.0,1.0,10.0,37.41622,-118.45021000000001,1,1,1,3
557,Hugh Romney,106086151,1.0,1.0,10.0,37.416470000000004,-118.44993999999998,8,2,2,16
558,Hippie Hyannisport,106086627,1.0,1.0,10.0,37.41657,-118.44993000000001,1,1,2,9
559,Brock,106406176,1.5,1.0,15.0,37.4191,-118.4543,2,2,3,3
560,Cockpit,111480892,1.0,1.0,15.0,37.4191,-118.4546,1,1,2,3
561,T-Crack Left,106126269,3.5,1.25,28.0,37.41876,-118.45486000000001,2,1,10,0
562,T-Crack Right,106126289,3.5,1.25,28.0,37.41876,-118.45486000000001,2,1,7,0
563,Unnamed 2,1061329232,1.6,1.0,10.0,37.4178,-118.4519,27,6,1,49
564,Epizootic,112814041,1.0,1.0,13.0,37.41602,-118.44908999999998,1,1,0,2
565,Liberation Management,106273857,2.6,1.0,20.0,37.41587,-118.44899,14,5,4,16
566,Not High Enough,106275420,1.2,1.0,10.0,37.41607,-118.44887,9,2,2,14
567,Spectral Morning,107897660,1.5,1.0,12.0,37.41581,-118.44905,6,2,2,9
568,Headbangers Ball,106275471,2.0,1.0,10.0,37.41591,-118.44877,45,9,4,83
569,Masterbeat,106275497,1.5,1.0,10.0,37.41591,-118.44877,29,10,2,64
570,Reggae Chillin',109641114,1.3,1.0,7.0,37.41591,-118.44877,3,1,1,6
571,Can't Get Around Getting Around,112475919,2.5,1.0,15.0,37.41599,-118.44842,8,4,5,14
572,I Killed a Man A Man Who Looked Like me,106086090,2.7,1.0,18.0,37.418440000000004,-118.45268999999999,47,16,59,102
573,Weasel Robbers,106086097,2.4,1.0,18.0,37.418440000000004,-118.45268999999999,11,4,10,23
574,Durban Poison Variation,107323717,2.2,1.0,20.0,37.418440000000004,-118.45268999999999,6,2,1,11
575,It's Raining Razorblades,106953956,1.0,1.0,15.0,37.41855,-118.45283,1,1,2,2
576,Nookie,106953967,1.0,1.0,10.0,37.41855,-118.45283,1,1,1,1
577,Problem B,111470685,2.0,1.0,10.0,37.41827,-118.45276000000001,1,1,1,3
578,Problem A,111470725,1.5,1.0,10.0,37.4183,-118.45297,2,2,2,4
579,Don't Box Me In,106086665,1.6,1.0,10.0,37.41898,-118.45338999999998,14,6,2,40
580,Slight Inducement,106086687,2.9,1.0,12.0,37.41898,-118.45338999999998,99,35,131,151
581,Andrew's Arête,110129921,2.0,1.0,13.0,37.41897,-118.45438999999999,1,1,2,1
582,Old Peculiar,114153375,2.0,1.0,8.0,37.41682,-118.45066000000001,1,1,0,2
583,Pupfish Souzaphone,112779352,2.0,1.25,14.0,37.4171,-118.44991,3,1,1,3
584,Not The Clapper,106272979,3.2,1.25,15.0,37.41533,-118.44877,59,20,74,81
585,Tequila Flange,109139833,1.0,1.25,15.0,37.4182,-118.4521,1,1,3,2
586,Secret to Success,106086677,2.5,1.25,12.0,37.41898,-118.45338999999998,58,24,17,89
587,Stem Savvy,112574281,2.0,1.5,8.0,37.41653,-118.44996,1,1,1,1
588,Tin Medusa Left,106275341,2.0,2.0,8.0,37.41632,-118.44928,4,1,6,10
589,Run With Me,107027023,2.5,2.0,20.0,37.41617,-118.4493,20,5,13,32
590,Exit the Rat,109127864,1.3,2.0,10.0,37.41617,-118.4493,3,2,1,4
591,Big Chicken Stand,109660346,2.7,2.0,17.0,37.41747,-118.45136000000001,49,14,50,59
592,Beam Me Up Scottie,106086122,2.5,2.0,15.0,37.41737,-118.45125,26,6,42,47
593,An Art of Leisure,106976668,2.0,2.0,15.0,37.41728,-118.45034,11,4,2,17
594,Sixty Foot Woman Traverse,106326756,2.9,2.0,60.0,37.41782,-118.45114,36,8,123,42
595,Spinal Snap,106331162,2.8,2.0,15.0,37.41788,-118.45147,36,8,30,51
596,Spinal Snap Right Start,106331168,2.6,2.0,15.0,37.41788,-118.45147,24,7,13,34
597,Fluke,106997357,1.7,2.0,10.0,37.41675,-118.44941999999999,3,1,2,8
598,Wicca Warrior,106996987,2.0,2.25,20.0,37.41675,-118.44941999999999,2,2,6,2
599,Fargo,106997056,1.5,2.0,18.0,37.416959999999996,-118.44946999999999,2,1,0,6
600,Ballorama,106997432,1.0,2.0,15.0,37.41675,-118.44941999999999,1,1,1,3
601,Boy,106977784,2.0,2.0,12.0,37.41654000000001,-118.44888,1,1,0,4
602,Cheap New Age Fix,108058276,1.8,2.0,10.0,37.4161,-118.45012,6,2,0,6
603,Sunny Side Up,111703821,1.7,2.0,6.0,37.4161,-118.45012,3,1,2,2
604,Needle Across The Groove,106272965,1.4,2.0,10.0,37.41533,-118.44877,8,3,2,14
605,Pig Pen,106272971,2.3,2.0,10.0,37.41533,-118.44877,35,8,18,61
606,Problem C,106273755,2.4,2.0,12.0,37.41525,-118.44878,30,3,7,52
607,Western Motif,106279685,2.6,2.0,12.0,37.41549000000001,-118.44928,8,4,4,8
608,Problem D,107045708,2.2,2.0,10.0,37.41569000000001,-118.44957,5,3,2,7
609,Fluffy Little Clouds,108060014,2.8,2.0,20.0,37.41569000000001,-118.44957,4,2,3,3
610,Tao,107045645,1.0,2.0,10.0,37.41588,-118.44985,1,1,0,5
611,Let Them Eat Cake,107898143,2.0,2.0,10.0,37.41622,-118.45021000000001,1,1,2,2
612,Galerie des Glaces,107898187,2.6,2.0,30.0,37.41622,-118.45021000000001,7,2,11,5
613,Wavy Gravy,106086157,2.4,2.0,10.0,37.416470000000004,-118.44993999999998,52,13,13,83
614,Rude Awakening,107035611,2.0,2.0,20.0,37.4191,-118.4546,4,3,3,7
615,Don't Believe,111480909,2.0,2.0,18.0,37.4191,-118.4546,1,1,2,2
616,Marty Lewis's Ever Changing Hair Line,106132012,2.6,2.0,15.0,37.418,-118.45200000000001,81,25,53,134
617,Up Your Skirt Left,106132929,2.0,2.0,12.0,37.4178,-118.4519,38,10,13,72
618,Up Your Skirt Right,106132938,1.9,2.0,12.0,37.4178,-118.4519,22,7,9,35
619,Unnamed 3,1061329493,1.8,2.0,12.0,37.4178,-118.4519,11,2,3,22
620,It's The Altitude,106275413,2.3,2.0,15.0,37.41607,-118.44887,8,3,2,16
621,Sunburst Seahorse,106275435,2.7,2.0,12.0,37.41581,-118.44905,32,7,11,59
622,Auto-gedden,106278623,2.1,2.0,25.0,37.415820000000004,-118.44842,15,4,5,38
623,Dance Mix,106275506,1.9,2.0,12.0,37.41591,-118.44877,20,5,3,36
624,Extended Mix,109641106,1.0,2.0,15.0,37.41591,-118.44877,2,1,1,6
625,Born Lippy on the Isles of Cilley,106326703,1.6,2.0,15.0,37.41847,-118.45248000000001,5,2,4,11
626,Slight Inducement Right,106086693,2.5,2.0,15.0,37.41898,-118.45338999999998,14,4,9,32
627,Cry Baby,111480977,0.0,2.0,15.0,37.41919,-118.45364,1,1,0,0
628,Best Bitter,114153355,2.0,2.0,8.0,37.41682,-118.45066000000001,1,1,0,1
629,the_sphinx,107814380,3.0,2.0,20.0,37.41873,-118.45395,1,1,3,0
630,Sexual Camel,107915091,3.0,2.0,12.0,37.41873,-118.45395,5,2,24,5
631,Silly Hipster,108056805,2.0,2.0,10.0,37.41873,-118.45395,1,1,0,1
632,Poop Streak,116087448,3.0,2.5,25.0,37.41652,-118.45033000000001,1,1,0,0
633,Tunnel Vision,108152988,3.0,2.25,12.0,37.41873,-118.45395,1,1,7,1
634,Comfort of Home,106130495,2.3,2.5,12.0,37.41724,-118.45103,45,20,20,76
635,Bear,114170994,2.0,2.5,14.0,37.41706,-118.45061000000001,1,1,0,1
636,Frog's Birthday (project),113689676,1.0,2.5,10.0,37.41873,-118.45395,1,1,2,0
637,"Giggle, Giggle",107003633,2.4,2.75,12.0,37.41845,-118.45233999999999,9,4,3,12
638,Joseph,106099420,2.3,3.0,15.0,37.416309999999996,-118.44951,44,12,34,85
639,All-Nighter,107032817,2.6,3.25,25.0,37.41624,-118.44938,35,9,18,61
640,A Bit of Fluff,107027032,1.5,3.0,40.0,37.41617,-118.4493,2,2,3,5
641,Azzeed Jiz,112397879,2.1,3.0,15.0,37.41625,-118.44931000000001,10,3,5,16
642,September's Here Again,106976618,2.0,3.0,12.0,37.41749,-118.45018,5,3,3,7
643,Brilliant Trees,106331151,1.6,3.0,20.0,37.41788,-118.45147,10,2,3,12
644,Problem A,106997347,1.5,3.0,15.0,37.41675,-118.44941999999999,2,1,0,0
645,Black Magic,106996981,3.7,3.25,20.0,37.41675,-118.44941999999999,94,36,151,113
646,Coen,106997037,2.3,3.0,15.0,37.416959999999996,-118.44946999999999,4,2,3,8
647,Ethan,106997376,1.0,3.0,12.0,37.41675,-118.44941999999999,1,1,0,4
648,Antigravity Geobat,106997394,2.7,3.0,15.0,37.41675,-118.44941999999999,3,3,7,2
649,Boy-Oh-Boy,106977794,2.0,3.0,12.0,37.41654000000001,-118.44888,1,1,0,4
650,Matilda,106977860,2.0,3.0,10.0,37.41654000000001,-118.44872,1,1,0,4
651,Hit the High Hard One,108058267,2.0,3.0,10.0,37.4161,-118.45012,7,3,5,8
652,Corned Beef Hash,111683683,1.7,3.0,9.0,37.4161,-118.45012,3,1,0,4
653,Problem A,106272939,2.0,3.0,15.0,37.41511,-118.44859,1,1,1,2
654,Sorry About That (East Side),106273770,1.0,3.0,10.0,37.41548,-118.44911,1,1,1,2
655,Problem A,107541907,2.0,3.0,15.0,37.41548,-118.44911,1,1,0,2
656,Crack Problem,106279736,1.9,3.0,12.0,37.41588,-118.44993000000001,7,4,3,10
657,Number One,107045656,2.5,3.0,12.0,37.41588,-118.44985,6,2,3,9
658,Problem A,107542000,1.0,3.0,18.0,37.416,-118.45,1,1,0,0
659,Sacré Coeur,107898115,2.4,3.0,10.0,37.41622,-118.45021000000001,11,3,3,16
660,Size Matters,107898149,3.0,3.0,10.0,37.41622,-118.45021000000001,1,1,5,2
661,Baroque,107898159,2.5,3.0,10.0,37.41622,-118.45021000000001,2,1,0,4
662,Wavy Gravy Direct,106086167,3.0,3.0,10.0,37.416470000000004,-118.44993999999998,7,3,10,14
663,Ben and Jerry's,106086635,1.5,3.0,10.0,37.41657,-118.44993000000001,4,2,2,5
664,Slap Happy,106093108,2.9,3.0,12.0,37.41653,-118.44996,134,40,106,238
665,Pirate Booty,106093121,2.3,3.0,10.0,37.41653,-118.44996,86,27,22,165
666,Crack Happy,112574292,2.5,3.0,10.0,37.41653,-118.44996,2,2,1,2
667,Problem A,107939685,3.0,3.0,20.0,37.4191,-118.4543,1,1,3,2
668,Big Dick American Hero,106100016,2.7,3.0,20.0,37.4191,-118.4546,6,4,8,4
669,Top Gun,107939718,2.3,3.0,15.0,37.4191,-118.4546,3,3,3,8
670,Clifford the Dog,111470803,2.0,3.0,15.0,37.4191,-118.4546,1,1,0,4
671,Beat It,106132018,2.3,3.0,12.0,37.418,-118.45200000000001,13,4,14,18
672,Carrot Top,106126702,2.9,3.0,12.0,37.4182,-118.4521,153,49,116,240
673,Unnamed 1,1061329161,1.9,3.0,10.0,37.4178,-118.4519,14,3,5,23
674,Grindrite,106273815,2.9,3.0,15.0,37.41602,-118.44908999999998,31,12,38,34
675,It's The Add-itude,106275426,2.3,3.0,15.0,37.41607,-118.44887,6,1,2,7
676,Nonsuch,107897709,1.3,3.0,14.0,37.41581,-118.44905,3,1,1,3
677,Beer Tumor,106275477,2.6,3.0,10.0,37.41591,-118.44877,66,13,29,121
678,Hector,106326730,1.0,3.0,10.0,37.41857,-118.45256,3,2,2,7
679,Razorblade Halloween,106953947,1.5,3.0,12.0,37.41855,-118.45283,2,1,2,1
680,In-between,109140038,2.0,3.0,15.0,37.41898,-118.45338999999998,2,1,0,5
681,Name Tag,110129915,2.0,3.0,12.0,37.41897,-118.45438999999999,1,1,1,0
682,Safesurfer,108091202,2.4,3.0,10.0,37.417,-118.4509,40,10,13,66
683,Tall Wall Middle,106114148,3.5,3.5,28.0,37.41698,-118.45133,2,1,7,1
684,Pocket Problem,107045606,2.0,3.25,10.0,37.41588,-118.44993000000001,4,1,4,6
685,Problem A,107898217,2.0,3.25,10.0,37.41622,-118.45021000000001,1,1,0,2
686,Impulse Control,106093115,1.9,3.25,12.0,37.41653,-118.44996,33,16,5,67
687,True Blue,112337289,2.0,3.5,12.0,37.41728,-118.45034,1,1,0,1
688,Solarium,105943524,3.2,3.75,15.0,37.41737,-118.45125,357,154,404,635
689,Weekender,105988476,3.1,4.0,20.0,37.41624,-118.44938,139,35,154,268
690,Browning Variation,108061573,2.8,4.0,23.0,37.41617,-118.4493,6,5,2,8
691,A Happy Slapping,107483008,2.8,4.0,15.0,37.41625,-118.44931000000001,4,1,3,6
692,Big Chicken,105988465,3.0,4.0,15.0,37.41747,-118.45136000000001,83,27,136,105
693,Carnivore Hate Devil,106331174,2.1,4.0,15.0,37.41788,-118.45147,16,6,6,18
694,Cue Ball,106331180,3.0,4.0,15.0,37.41788,-118.45147,69,23,77,83
695,Cornholio,114170780,2.0,4.0,10.0,37.4165,-118.44828999999999,1,1,0,1
696,Two-Stroke,106997351,2.0,4.0,12.0,37.41675,-118.44941999999999,1,1,1,2
697,Blood Simple,106997043,3.5,4.0,18.0,37.416959999999996,-118.44946999999999,2,1,2,2
698,Does A Rose Lose It's Color In The Rain,106997079,2.0,4.0,12.0,37.41675,-118.44941999999999,2,2,2,1
699,California Über Älles,106997168,1.0,4.0,16.0,37.41675,-118.44941999999999,1,1,1,0
700,Problem C,106997425,1.5,4.0,12.0,37.41675,-118.44941999999999,2,1,4,3
701,Boy-Oh-Boy-Oh-Boy,106977801,1.0,4.0,8.0,37.41654000000001,-118.44888,1,1,0,4
702,My Heart Grew Wings Under Desert Skies,106054889,3.3,4.0,25.0,37.41698,-118.45133,20,9,56,18
703,Problem C,106279661,1.0,4.0,15.0,37.41511,-118.44859,1,1,0,0
704,Pokemon,106279671,2.0,4.0,10.0,37.41538,-118.44893,2,1,2,1
705,Problem A,107541916,2.0,4.0,15.0,37.4155,-118.44922,1,1,2,2
706,Pinch Problem,107045614,2.0,4.0,12.0,37.41588,-118.44993000000001,1,1,0,2
707,Even Bigger Dick American Hero,106100083,2.0,4.0,20.0,37.4191,-118.4546,2,2,2,2
708,My Fingers In Your Brain,106617389,2.3,4.0,20.0,37.41602,-118.44908999999998,8,4,6,7
709,Beer Tumor Right,106275488,2.7,4.0,10.0,37.41591,-118.44877,53,16,15,83
710,Unnamed,108061584,3.0,4.0,15.0,37.4158,-118.4483,2,2,0,2
711,Duck Bill Dyno,112475725,2.0,4.0,6.0,37.4159,-118.44855,1,1,0,2
712,I'll Never Be A Veteran,106326722,1.8,4.0,12.0,37.41857,-118.45256,4,1,5,8
713,Gamekeeper Clifford,111480995,2.0,4.0,15.0,37.41919,-118.45364,2,2,1,2
714,Cleopatra,107092849,4.0,4.0,20.0,37.41873,-118.45395,1,1,17,3
715,Tin Man,108046897,3.0,4.5,12.0,37.41873,-118.45395,1,1,5,1
716,Gleaner Variation,109877074,3.0,5.0,15.0,37.416309999999996,-118.44951,2,2,8,1
717,Vulcan Crawl,105988468,3.1,5.0,30.0,37.41747,-118.45136000000001,24,8,32,28
718,Weapons of Mass Distraction,109137876,2.5,5.0,10.0,37.41747,-118.45136000000001,6,3,8,7
719,Done With The South,106997340,3.1,5.0,20.0,37.41675,-118.44941999999999,21,6,20,21
720,Wills Arete,106337264,3.0,5.0,20.0,37.41698,-118.45133,23,7,22,20
721,There's Nothing You Can Do That Can't Be Done,107541899,1.0,5.0,15.0,37.41548,-118.44911,1,1,1,0
722,Hair Trigger,107541921,2.5,5.0,12.0,37.41549000000001,-118.44928,2,2,3,2
723,Hair Trigger - Variation,107541927,2.2,5.0,18.0,37.41549000000001,-118.44928,6,3,2,3
724,Rene,106279726,3.6,5.0,22.0,37.41588,-118.44993000000001,53,22,78,62
725,Sidepull Problem,107045626,2.1,5.0,10.0,37.41588,-118.44993000000001,9,2,8,10
726,Captain Hook,107009331,2.7,5.0,10.0,37.416,-118.45,23,9,28,32
727,Hong Kong Phooey,116100150,2.0,5.0,10.0,37.41622,-118.45021000000001,1,1,0,1
728,Sucker Punch,106126697,2.6,5.0,8.0,37.4182,-118.4521,56,31,87,82
729,East Easy Rider,106126708,2.2,5.0,15.0,37.4182,-118.4521,15,4,16,25
730,Banana-rang Delight,112795838,3.0,5.0,10.0,37.41591,-118.44877,1,1,6,1
731,Groundhog Day,112475862,2.3,5.0,8.0,37.4159,-118.44856999999999,6,5,4,9
732,Serengeti,106052564,3.3,5.0,15.0,37.418440000000004,-118.45268999999999,283,102,359,452
733,More Water Less Power,112501940,2.5,5.25,40.0,37.41724,-118.45103,2,1,11,3
734,Intolerable Cruelty,106997382,1.0,5.25,12.0,37.41675,-118.44941999999999,1,1,0,0
735,Maximilien,107898129,1.0,5.25,15.0,37.41622,-118.45021000000001,1,1,2,0
736,Big City Boy,107948292,2.0,5.75,12.0,37.41728,-118.45034,4,2,2,4
737,DIRT is a Four Letter Word,107017214,1.0,5.75,8.0,37.41569000000001,-118.44957,2,1,0,1
738,The Gleaner,106099405,3.1,6.0,15.0,37.416309999999996,-118.44951,57,32,96,79
739,The Hulk,105988462,3.7,6.0,15.0,37.41747,-118.45136000000001,209,67,408,327
740,Action Figure,106068458,2.9,6.0,8.0,37.41749,-118.45018,54,25,78,64
741,Little Country Girl,107948331,1.0,6.0,12.0,37.41728,-118.45034,3,2,0,2
742,Rheinstor,106331192,2.6,6.0,15.0,37.41788,-118.45147,9,6,3,9
743,Vampyros Lesbos,111726288,2.6,6.0,15.0,37.41788,-118.45147,5,3,0,4
744,Atari,106044386,3.9,6.25,14.0,37.4165,-118.44828999999999,52,19,294,68
745,Oompa-Loompa,106977829,1.0,6.0,15.0,37.41654000000001,-118.44872,1,1,0,0
746,Take the Force of the Blow,106126727,2.3,6.0,12.0,37.41698,-118.45133,4,2,6,2
747,Mister Witty,106126733,3.6,6.0,15.0,37.41698,-118.45133,98,39,137,163
748,Every Color You Are,106126755,3.7,6.0,15.0,37.41698,-118.45133,91,27,265,148
749,Pappa Chubby,106070999,2.2,6.0,10.0,37.4161,-118.45012,5,4,3,4
750,Piss and Vinegar,111703806,0.0,6.0,14.0,37.4161,-118.45012,2,1,0,0
751,The Clapper,106330624,3.1,6.0,12.0,37.41533,-118.44877,64,23,58,87
752,WORK is a Four Letter Word,107541948,2.4,6.0,15.0,37.4156,-118.4494,14,5,3,13
753,Problem B,107045695,1.0,6.0,10.0,37.41569000000001,-118.44957,1,1,0,0
754,Powis Traverse,107045640,3.0,6.0,15.0,37.41588,-118.44985,3,1,5,2
755,The French Connection,107898134,3.4,6.0,18.0,37.41622,-118.45021000000001,26,7,70,59
756,The Twilight Zone,106086641,1.5,6.0,10.0,37.41657,-118.44993000000001,2,1,2,2
757,Pop-A-Tendon Dyno,107940077,2.0,6.0,10.0,37.4182,-118.4521,4,1,6,3
758,Crispin Waddy,111470713,1.8,6.0,12.0,37.4183,-118.45297,5,2,4,7
759,Crimpanzee,111470751,1.0,6.0,15.0,37.41816,-118.45296,1,1,1,0
760,Hematoma,111470757,3.0,6.0,18.0,37.41816,-118.45296,1,1,2,0
761,Son of Safesurfer,114170968,2.5,6.0,17.0,37.417,-118.4509,2,2,4,1
762,Squeeze Job,108512399,3.0,6.0,12.0,37.41873,-118.45395,1,1,0,0
763,Karma,106952969,3.1,6.25,12.0,37.41855,-118.45283,21,8,28,23
764,Twilight Variation,112500020,1.0,6.5,6.0,37.41657,-118.44993000000001,2,1,0,1
765,Orange Crush,106068427,2.0,6.75,8.0,37.4155,-118.44922,4,2,2,3
766,Rave,106381928,3.2,7.0,15.0,37.41624,-118.44938,47,26,88,66
767,Jug Start to Acid Wash,116582459,3.0,7.0,15.0,37.41625,-118.44931000000001,2,2,1,2
768,Disco Tramp,113904573,2.3,7.0,10.0,37.41747,-118.45136000000001,3,2,1,2
769,Redrum,106068436,2.6,7.0,6.0,37.41737,-118.45125,17,9,46,23
770,Grotesque Old Woman,106126749,2.8,7.0,15.0,37.41698,-118.45133,13,5,17,17
771,Standing Ovation,107946166,3.2,7.0,12.0,37.41533,-118.44877,6,3,17,8
772,Westward Expansion,106279696,2.5,7.0,10.0,37.41549000000001,-118.44928,2,1,1,1
773,Sabersonic,106330645,1.8,7.0,12.0,37.41569000000001,-118.44957,4,2,2,3
774,Sabres of Paradise,106554767,3.7,7.0,35.0,37.41569000000001,-118.44957,3,2,8,1
775,The Orb,112501972,1.7,7.0,14.0,37.41569000000001,-118.44957,3,1,0,2
776,Hand to Hand Combat Traverse,106279731,2.3,7.0,20.0,37.41588,-118.44993000000001,6,3,12,5
777,Not Another Brit in Bishop,109947791,2.9,7.0,15.0,37.41588,-118.44993000000001,9,3,17,11
778,Froz,108730377,2.1,7.0,10.0,37.417,-118.4509,7,3,9,11
779,Water Saps,106095521,3.7,7.5,18.0,37.41675,-118.44941999999999,6,4,8,6
780,Therapy,106070995,3.1,7.5,15.0,37.4161,-118.45012,8,7,16,7
781,Highbrow,106068419,3.9,7.75,12.0,37.4155,-118.44922,8,5,39,11
782,Stroking the Walrus,106330637,1.4,7.5,8.0,37.41569000000001,-118.44957,5,4,0,4
783,Hamtaro,106554760,3.0,7.5,10.0,37.41588,-118.44993000000001,9,8,10,8
784,This Is How We Do It...,111782756,2.7,7.75,15.0,37.41698,-118.45133,3,2,5,3
785,Disco Diva,105988471,3.4,8.0,12.0,37.41747,-118.45136000000001,27,16,76,33
786,Less Poetry Please,106070985,4.0,8.0,30.0,37.41698,-118.45133,3,2,12,1
787,A Big Round of Applause,111726432,2.0,8.0,17.0,37.41533,-118.44877,2,1,3,3
788,Paper Crane,106068430,3.3,8.0,8.0,37.41538,-118.44893,7,3,13,5
789,Supersonic,108574131,2.5,8.0,13.0,37.41569000000001,-118.44957,2,2,1,1
790,Gang Related,114263452,1.0,8.5,12.0,37.41749,-118.45018,1,1,1,2
791,Pimp Trick Gangsta Chick,106687863,2.0,8.75,12.0,37.41591,-118.44877,4,3,3,4
792,Acid Wash Right,107029691,3.0,9.0,15.0,37.41625,-118.44931000000001,27,11,47,39
793,Prozac,109971104,3.0,9.0,14.0,37.41747,-118.45136000000001,2,1,9,1
794,Disco Hulk,112505733,2.3,9.0,16.0,37.41747,-118.45136000000001,3,2,4,2
795,The Shining,106330654,2.0,9.0,12.0,37.41737,-118.45125,1,2,4,0
796,Cholos,106068450,2.9,9.0,8.0,37.41749,-118.45018,8,4,13,7
797,Mortal Combat (AKA:  Hand to Hamtaro),106996405,2.0,9.0,35.0,37.41588,-118.44993000000001,3,2,1,0
798,Slave to the Grind,109858900,3.2,9.0,17.0,37.41602,-118.44908999999998,6,4,10,6
799,Toxic Avenger,106070991,3.2,9.25,8.0,37.4161,-118.45012,12,8,27,14
800,Tim's Fred Traverse,112499980,2.5,9.25,14.0,37.4182,-118.4521,2,1,1,1
801,Acid Wash,107029681,3.3,9.75,15.0,37.41625,-118.44931000000001,27,15,52,43
802,Low Rider,106068454,2.7,9.75,10.0,37.41749,-118.45018,6,3,12,4
803,The Gleaner Sit,112502006,3.0,10.0,15.0,37.416309999999996,-118.44951,5,3,13,5
804,Standing Kill Order,109757452,3.9,10.0,12.0,37.41624,-118.44938,7,6,27,8
805,Slow Dance,111656550,2.0,10.0,7.0,37.41624,-118.44938,4,1,6,2
806,Redrum Sit,108493617,3.0,10.0,6.0,37.41737,-118.45125,8,6,13,11
807,Human Contraband,114261154,2.0,10.0,10.0,37.41749,-118.45018,1,1,0,0
808,Don't Forget the Lube,114104175,2.0,10.0,11.0,37.41855,-118.45283,1,1,0,0
809,He Got Game,112501954,2.0,10.5,16.0,37.4161,-118.45012,2,1,3,1
810,Kill On Sight,109757458,4.0,11.0,15.0,37.41624,-118.44938,4,3,23,6
811,Swordfish Trombone,108924183,2.5,11.5,15.0,37.4171,-118.44991,2,1,5,1
812,Goldfish Trombone,108924212,4.0,14.0,20.0,37.4171,-118.44991,2,1,5,1
813,Behind the Mothership,106340986,1.8,-1.0,15.0,37.42254000000001,-118.43364,4,2,0,3
814,The Hysterical Bear Incident,106642810,1.0,-1.0,12.0,37.42324,-118.43279,1,1,0,2
815,Low-Angle Arete,106637336,1.3,-1.0,10.0,37.42232,-118.43364,12,3,0,19
816,Flush,106669817,2.7,-1.0,8.0,37.42232,-118.43364,23,6,4,41
817,Hands On Slab,106643024,2.0,-1.0,8.0,37.42112,-118.43318000000001,11,5,1,19
818,Flake,106739980,1.8,-1.0,10.0,37.4217,-118.43308,4,1,0,9
819,Unnamed,106108593,1.1,-0.25,12.0,37.417590000000004,-118.43276000000002,12,4,1,20
820,Brown Slab,106108658,2.3,-0.25,15.0,37.4191,-118.434,12,4,1,23
821,The Arete,106954490,2.8,-0.25,12.0,37.417590000000004,-118.43276000000002,16,5,7,25
822,Fingercrack,111648845,2.9,0.0,15.0,37.42254000000001,-118.43364,7,3,6,12
823,China Doll,106617251,3.3,0.0,18.0,37.42075,-118.43391000000001,147,32,123,275
824,Girl Call,107018232,2.4,0.0,20.0,37.42075,-118.43391000000001,22,3,19,42
825,Spacehopper,106108578,1.8,0.0,15.0,37.417590000000004,-118.43276000000002,30,6,3,60
826,Bouncing Babies,106108586,1.5,0.0,12.0,37.417590000000004,-118.43276000000002,30,11,2,55
827,Unnamed 1,1061086441,2.0,0.0,12.0,37.4191,-118.434,11,3,3,21
828,The Crack,106642866,1.4,0.0,12.0,37.42324,-118.43279,5,1,0,8
829,Crack and Wall,106642886,1.5,0.0,12.0,37.42324,-118.43279,2,2,0,3
830,What Mick Missed,106642896,1.5,0.0,12.0,37.42324,-118.43279,2,1,0,3
831,Bishop Bomber / Pound Sign,106642953,1.0,0.0,12.0,37.42324,-118.43279,1,1,0,3
832,Caveat Emptor,106642958,2.0,0.0,12.0,37.42324,-118.43279,1,1,1,2
833,Teen Angst,106642972,0.0,0.0,12.0,37.42324,-118.43279,1,1,0,2
834,Lonely Teenage Bedroom,106642980,1.0,0.0,12.0,37.42324,-118.43279,1,1,0,2
835,Funkadella Bdelia,106669872,1.7,0.0,8.0,37.42232,-118.43364,23,7,1,48
836,Parliament,106669877,1.7,0.0,8.0,37.42232,-118.43364,21,6,3,41
837,Problem A,106669883,1.5,0.0,8.0,37.42232,-118.43364,21,4,1,41
838,Hands Free Slab,106643017,2.6,0.0,8.0,37.42112,-118.43318000000001,21,4,4,34
839,The Flake Crack,106954448,1.0,0.0,15.0,37.417590000000004,-118.43276000000002,1,1,0,2
840,The Groove,106954482,3.1,0.0,12.0,37.417590000000004,-118.43276000000002,26,6,39,40
841,President Bush,116664985,3.6,0.0,15.0,37.42048,-118.43303,5,3,1,3
842,Baby Tooth,114197422,2.0,0.0,10.0,37.4217,-118.43308,4,2,1,5
843,Parrot Fashion,106739946,2.2,0.0,15.0,37.4217,-118.43308,6,3,3,9
844,Bertie Blunt,106731624,1.3,0.0,10.0,37.4217,-118.43308,3,2,1,5
845,Mad Parrot,106740001,1.0,0.0,10.0,37.4217,-118.43308,6,2,1,9
846,Bad Parrot,106740008,1.7,0.0,10.0,37.4217,-118.43308,12,4,1,20
847,Problem A,106739973,1.0,0.0,12.0,37.4217,-118.43308,1,1,0,2
848,Codfish,110390774,2.0,0.0,11.0,37.4217,-118.43308,1,1,0,0
849,Problem B,106915540,1.0,0.0,10.0,37.4227,-118.4345,1,1,0,2
850,Boneless Herring,107018119,2.3,0.0,18.0,37.41934000000001,-118.43437,11,3,3,21
851,Big Slab,107018215,2.7,0.25,20.0,37.41934000000001,-118.43437,3,2,9,1
852,Rubber Ball,106954379,1.6,0.25,12.0,37.417590000000004,-118.43276000000002,8,2,1,11
853,Double Arete,106108651,1.7,0.25,15.0,37.4191,-118.434,6,3,1,15
854,Garden Pest,106642859,2.8,0.25,12.0,37.42324,-118.43279,21,6,5,31
855,The Overhanging Nose,106669864,2.5,0.25,10.0,37.42232,-118.43364,12,3,6,20
856,Any Which Way But Loose,106669614,2.4,0.25,15.0,37.417590000000004,-118.43276000000002,5,2,1,8
857,Pocket Pussy,106642853,1.0,0.75,10.0,37.42324,-118.43279,8,2,2,12
858,The Pat Cave Crack,113885052,1.5,0.75,15.0,37.4217,-118.43308,2,1,0,1
859,Loaded,106617845,2.5,1.0,12.0,37.42254000000001,-118.43364,35,9,7,60
860,Smiths,106108528,2.5,1.0,12.0,37.42075,-118.43391000000001,25,2,11,30
861,Sue Me,111648825,2.0,1.0,15.0,37.42075,-118.43391000000001,2,1,0,4
862,Riding the Gravy Train,109140312,1.7,1.0,15.0,37.417590000000004,-118.43276000000002,15,4,3,18
863,Unnamed 2,1061086322,2.0,1.0,18.0,37.4191,-118.434,1,1,0,6
864,"Jerry Falwell, Porn Star",106642821,1.0,1.0,10.0,37.42324,-118.43279,2,1,0,3
865,No Talk,106642911,1.0,1.0,10.0,37.42324,-118.43279,1,1,1,3
866,Problem A,106642930,1.0,1.0,8.0,37.42324,-118.43279,3,1,0,4
867,Shop Till You Drop,106642964,0.0,1.0,15.0,37.42324,-118.43279,1,1,0,2
868,Problem A,106669830,1.3,1.0,15.0,37.42232,-118.43364,3,1,1,6
869,Problem A,106669848,0.9,1.0,10.0,37.42232,-118.43364,7,2,0,19
870,Oil On Canvas,106642998,2.0,1.0,10.0,37.42112,-118.43318000000001,15,6,5,29
871,Problem A,106643041,1.0,1.0,8.0,37.42112,-118.43318000000001,1,1,0,4
872,The Black Stuff,106635002,3.0,1.0,15.0,37.417590000000004,-118.43276000000002,12,6,28,16
873,Tight Arete,106740039,1.5,1.0,8.0,37.4217,-118.43308,6,2,0,12
874,Tiger Lily,110352036,2.0,1.0,15.0,37.4217,-118.43308,1,1,0,0
875,Problem A,106915403,1.3,1.0,10.0,37.4228,-118.4341,3,1,1,8
876,Problem B,106915410,1.5,1.0,10.0,37.4228,-118.4341,2,1,1,4
877,Problem A,106915464,1.0,1.0,10.0,37.4226,-118.4346,1,1,0,2
878,Beyond Beano,106915534,2.0,1.0,10.0,37.4227,-118.4345,1,1,0,2
879,Laughing Cow,106642891,2.5,1.25,10.0,37.42324,-118.43279,6,5,0,7
880,Sir Isaac Hayes,106637352,1.8,1.25,12.0,37.42232,-118.43364,5,2,1,9
881,Chemical Romance,106637320,1.9,2.0,12.0,37.42207,-118.43343999999999,19,7,6,30
882,Problem A,106669640,1.0,2.0,10.0,37.42207,-118.43343999999999,2,1,0,3
883,World Shut Your Mouth,106108543,2.6,2.0,12.0,37.42075,-118.43391000000001,32,8,16,53
884,Sleeping Gas,106108604,2.3,2.0,12.0,37.417590000000004,-118.43276000000002,19,10,4,24
885,Which One's Pink?,109140325,1.8,2.0,15.0,37.417590000000004,-118.43276000000002,5,3,1,4
886,Fire Pit,106642880,3.1,2.0,18.0,37.42324,-118.43279,18,4,9,28
887,Diamond,106642768,2.0,2.0,15.0,37.42324,-118.43279,10,2,4,14
888,Prozac Nation,106642831,3.0,2.0,15.0,37.42324,-118.43279,44,10,58,67
889,Porn Again Christian,106642815,1.3,2.0,12.0,37.42324,-118.43279,3,1,1,6
890,Shit Talk,106642922,1.0,2.0,10.0,37.42324,-118.43279,1,1,0,2
891,Thread The Needle,106642941,1.8,2.0,12.0,37.42324,-118.43279,4,2,2,5
892,Emma,106669824,2.0,2.0,15.0,37.42232,-118.43364,14,4,5,27
893,Still Life,106642988,2.4,2.0,10.0,37.42112,-118.43318000000001,14,6,14,20
894,Sun Spot,106669600,2.7,2.0,12.0,37.4211,-118.4335,14,4,4,30
895,Blue,106731665,2.1,2.0,12.0,37.4217,-118.43308,11,7,2,14
896,Bob Parrot (of Maine),106740032,2.4,2.0,8.0,37.4217,-118.43308,17,3,6,28
897,Psycho Billy Cadillac,106915515,1.0,2.0,8.0,37.4228,-118.4343,1,1,1,2
898,Problem A,106915528,1.5,2.0,10.0,37.4227,-118.4345,2,1,0,2
899,Fish Sticks,107018135,2.3,2.0,20.0,37.41934000000001,-118.43437,6,2,3,12
900,Valium,106642936,2.0,2.25,12.0,37.42324,-118.43279,3,1,2,4
901,Hauck A Loogie,106637358,2.1,2.25,12.0,37.42232,-118.43364,11,9,1,17
902,Problem A,106669794,1.3,2.25,8.0,37.42232,-118.43364,3,2,1,9
903,Heelin' It,116578658,4.0,2.25,8.0,37.4228,-118.4343,2,1,2,1
904,Off the couch & Up the nose,107538976,3.0,2.5,12.0,37.42232,-118.43364,1,1,7,0
905,Pencil Dick Upright,106642843,1.0,2.75,10.0,37.42324,-118.43279,1,1,4,2
906,Undercling Problem,106322785,2.1,3.0,14.0,37.42254000000001,-118.43364,17,8,6,25
907,Head Heritage,106108534,2.1,3.0,10.0,37.42075,-118.43391000000001,29,9,7,42
908,Crystal,106642780,2.5,3.0,15.0,37.42324,-118.43279,13,3,7,16
909,Guantanamera,116145253,3.0,3.0,8.0,37.41845,-118.43373999999999,1,1,3,0
910,Humpty Dumpty,106329054,3.3,3.0,15.0,37.417590000000004,-118.43276000000002,4,2,13,3
911,Maximum Relaxum,106617237,2.8,3.0,15.0,37.42029,-118.43378999999999,25,6,25,35
912,Hauck A Loogie - Var,106637367,2.4,3.0,12.0,37.42232,-118.43364,20,7,4,29
913,Hovercraft,106637292,1.0,3.0,10.0,37.417590000000004,-118.43276000000002,1,1,3,4
914,Problem C,106954474,1.0,3.0,12.0,37.417590000000004,-118.43276000000002,1,1,0,0
915,Toothless,106731651,2.2,3.0,12.0,37.4217,-118.43308,25,7,20,50
916,Bob Parrot,106740021,1.5,3.0,10.0,37.4217,-118.43308,4,2,0,6
917,White Men Can't Jump,106915474,1.8,3.0,8.0,37.4226,-118.4346,5,2,4,3
918,The Space Suit,107018161,2.6,3.0,15.0,37.41934000000001,-118.43437,28,10,28,53
919,Kung-Fu Grip Left,107018182,2.3,3.0,15.0,37.41934000000001,-118.43437,6,4,7,12
920,Maximum Relaxum,107091533,2.4,3.25,15.0,37.41934000000001,-118.43437,7,2,3,10
921,The Short Arete,106669855,2.0,3.25,10.0,37.42232,-118.43364,2,1,1,6
922,Problem A,106954459,1.0,3.25,12.0,37.417590000000004,-118.43276000000002,1,2,0,2
923,Sad Parrot,106739995,1.9,3.25,10.0,37.4217,-118.43308,9,3,1,17
924,Byrolian Traverse,106322862,2.0,3.5,18.0,37.42254000000001,-118.43364,3,2,0,1
925,Pocket Traverse,114261208,2.0,3.5,18.0,37.42068,-118.43348999999999,2,2,0,1
926,Norwegian,106731677,2.4,3.75,20.0,37.4217,-118.43308,12,8,5,23
927,Professional Widow,106095529,3.9,3.75,18.0,37.4221,-118.4346,8,6,64,10
928,Cream Horn,106322827,4.0,4.0,18.0,37.42254000000001,-118.43364,3,2,28,2
929,Mothership Connection,106340978,3.4,4.0,15.0,37.42254000000001,-118.43364,48,17,149,84
930,Let The Happiness In,106637311,2.4,4.0,15.0,37.42207,-118.43343999999999,8,4,7,13
931,Problem A SDS,106669645,1.0,4.0,12.0,37.42207,-118.43343999999999,1,1,0,2
932,Chewed Out,106108551,2.0,4.0,12.0,37.42075,-118.43391000000001,9,4,6,9
933,Unnamed 4,1091403424,2.0,4.0,12.0,37.417590000000004,-118.43276000000002,1,1,0,2
934,Pop-A-Wheelie,106642901,2.3,4.0,10.0,37.42324,-118.43279,3,3,5,5
935,Local Boy Does Good,106642794,2.0,4.0,18.0,37.42324,-118.43279,1,1,1,2
936,Talk Talk,106642916,1.5,4.0,10.0,37.42324,-118.43279,2,1,1,3
937,José,116145279,1.0,4.0,8.0,37.41845,-118.43373999999999,1,1,0,0
938,The Crack Problem,106669806,2.4,4.0,10.0,37.42232,-118.43364,16,7,7,26
939,Up For The Down Stoke,106669842,1.9,4.0,10.0,37.42232,-118.43364,17,3,2,31
940,Sun Spot Right,106669605,2.0,4.0,15.0,37.4211,-118.4335,10,3,3,20
941,Problem B,106954467,2.0,4.0,10.0,37.417590000000004,-118.43276000000002,1,1,1,2
942,The Fang,106731640,3.3,4.0,15.0,37.4217,-118.43308,126,33,171,232
943,Arse La Vista,106739953,0.5,4.0,20.0,37.4217,-118.43308,2,2,0,3
944,Syd Barrett,106739961,1.0,4.0,15.0,37.4217,-118.43308,2,2,0,3
945,Spike,106739986,1.5,4.0,10.0,37.4217,-118.43308,2,1,0,3
946,Problem C,106915423,1.0,4.0,15.0,37.4226,-118.4344,2,1,0,2
947,"Whiskey, Beer and Spliff Hits for Breakfast",106915496,3.5,4.0,12.0,37.4228,-118.4343,40,12,106,57
948,Unsung Gem,106642787,2.0,4.25,18.0,37.42324,-118.43279,1,1,2,2
949,Problem A,106642848,1.5,4.25,10.0,37.42324,-118.43279,2,1,2,3
950,Molly Dyno,106617419,3.0,4.5,7.0,37.42075,-118.43391000000001,34,14,26,97
951,Fueled By Hate,106068472,2.8,5.0,8.0,37.42254000000001,-118.43364,51,18,36,57
952,Chizam,106079500,2.7,5.0,12.0,37.42254000000001,-118.43364,68,21,34,121
953,Strength in Numbers (Original SIN),106068943,3.9,5.0,18.0,37.42207,-118.43343999999999,110,37,330,144
954,Molly,106094747,3.4,5.0,13.0,37.42075,-118.43391000000001,137,40,203,213
955,The Snapper,106642872,3.6,5.0,18.0,37.42324,-118.43279,5,3,6,12
956,Pencil Dick,106642837,2.0,5.0,10.0,37.42324,-118.43279,5,3,6,9
957,Anti-Hero,106617219,3.2,5.0,15.0,37.42029,-118.43378999999999,53,18,92,67
958,Gotta Be Kidding Me,106637341,1.8,5.0,10.0,37.42232,-118.43364,5,4,1,8
959,Hauck A Loogie - Sit Start,106637372,2.4,5.0,15.0,37.42232,-118.43364,10,5,3,12
960,Chef's Arete,106669799,2.0,5.0,10.0,37.42232,-118.43364,2,2,1,3
961,East Arete,106554775,3.0,5.0,12.0,37.417590000000004,-118.43276000000002,1,1,3,0
962,Oceania,106669620,1.0,5.0,12.0,37.417590000000004,-118.43276000000002,1,1,0,0
963,Hot Pants,106669836,2.9,5.25,12.0,37.42232,-118.43364,7,6,9,8
964,Erotic Terrorist,106322799,2.6,5.5,14.0,37.42254000000001,-118.43364,39,19,25,78
965,Humpty Dumpty Left Start,106329067,1.0,5.75,15.0,37.417590000000004,-118.43276000000002,1,1,0,0
966,Mothership Connected,107491869,2.8,6.0,15.0,37.42254000000001,-118.43364,8,5,20,10
967,SIN Variation Start,106069039,2.3,6.0,20.0,37.42207,-118.43343999999999,7,4,4,7
968,Molly Variation,106617414,2.0,6.0,12.0,37.42075,-118.43391000000001,3,2,0,2
969,Birth of the Cool,116145243,2.0,6.0,10.0,37.41845,-118.43373999999999,1,1,2,0
970,Trucker Fucker,106329079,2.5,6.0,15.0,37.417590000000004,-118.43276000000002,2,1,4,1
971,Rio's Crack,106340969,3.5,6.0,15.0,37.42027,-118.434,40,17,59,41
972,Bob Parrot Sit,106740027,1.0,6.0,12.0,37.4217,-118.43308,1,1,0,0
973,Problem A,106915433,2.0,6.0,10.0,37.4226,-118.4344,1,1,1,0
974,Give Me A Rim Job,106095542,3.0,6.0,12.0,37.4228,-118.4343,3,3,9,3
975,Bruiser Boulder,116069980,3.0,6.0,10.0,37.417590000000004,-118.43276000000002,1,1,1,1
976,The Extrapolator,114171232,3.0,6.5,16.0,37.42031,-118.43347,1,1,0,0
977,Mr. Mackey,106322832,3.2,7.0,10.0,37.42254000000001,-118.43364,5,4,17,5
978,Come Together,106087683,2.8,7.0,20.0,37.42207,-118.43343999999999,10,4,3,9
979,Flawless,106642826,2.0,7.0,15.0,37.42324,-118.43279,1,1,0,0
980,Humpty Dumpty Low,106329071,2.7,7.0,18.0,37.417590000000004,-118.43276000000002,3,1,0,1
981,Pinball,106329098,2.0,7.0,20.0,37.417590000000004,-118.43276000000002,1,1,0,0
982,Lawnmower Man,106340940,3.9,7.0,18.0,37.417590000000004,-118.43276000000002,14,3,79,12
983,Los Locos,106340949,4.0,7.0,25.0,37.417590000000004,-118.43276000000002,10,3,44,4
984,Hauck a Loogie Eliminate,106637379,2.7,7.0,12.0,37.42232,-118.43364,3,3,0,2
985,Feeding Frenzy,106731632,2.5,7.0,15.0,37.4217,-118.43308,11,3,8,17
986,Rad Parrot,106740015,3.0,7.0,20.0,37.4217,-118.43308,1,1,0,0
987,Problem B,106915438,2.0,7.0,10.0,37.4226,-118.4344,1,1,0,2
988,Slunk Left,114115528,2.5,7.0,9.0,37.4226,-118.4346,4,3,2,2
989,It's All About Love,106068468,2.8,7.75,10.0,37.42254000000001,-118.43364,12,7,10,11
990,Mecha-Streisand,106322822,2.0,7.75,10.0,37.42254000000001,-118.43364,1,1,4,0
991,Water Hazard Right,112289839,2.0,7.75,16.0,37.42254000000001,-118.43364,11,10,7,14
992,Mr Frosty,106095536,3.0,7.75,8.0,37.4226,-118.4344,2,2,3,0
993,Frostbite,111726377,2.5,8.0,15.0,37.42254000000001,-118.43364,4,3,2,4
994,Death Star 2000,1066172282000,2.7,8.0,12.0,37.42029,-118.43378999999999,3,2,8,1
995,Pow Pow,106068479,3.6,8.0,10.0,37.42112,-118.43318000000001,42,25,77,67
996,Honalee,112513100,2.5,8.0,10.0,37.33822,-118.4735,2,1,5,1
997,Bubba Escapes the Ward,106322788,2.0,9.0,16.0,37.42254000000001,-118.43364,1,2,3,0
998,The Ninth Wave,106322848,3.2,9.0,20.0,37.42254000000001,-118.43364,5,5,7,4
999,Enter The Dragon,112513071,3.0,9.0,12.0,37.33822,-118.4735,2,1,6,1
1000,Aquatic Hitchiker,108730349,3.0,9.75,8.0,37.42254000000001,-118.43364,9,6,14,11
1001,Beefcake,106068510,3.2,10.0,14.0,37.42254000000001,-118.43364,15,11,28,14
1002,Water Hazard,106322791,2.3,10.0,16.0,37.42254000000001,-118.43364,10,8,14,13
1003,Bottom Feeder,116586291,2.0,10.0,12.0,37.42254000000001,-118.43364,1,1,0,0
1004,Chizam SDS,106322772,4.0,10.25,12.0,37.42254000000001,-118.43364,1,1,5,0
1005,Beefy Gecko,106322757,3.0,10.75,15.0,37.42254000000001,-118.43364,7,4,11,9
1006,Rorschach Test,106068521,4.0,11.0,12.0,37.42254000000001,-118.43364,1,1,12,0
1007,Exit The Dragon,112513093,2.0,11.0,16.0,37.33822,-118.4735,1,1,1,0
1008,Beautiful Gecko,106322741,3.0,12.0,15.0,37.42254000000001,-118.43364,1,1,3,0
1009,The Aquarium,112382233,3.5,12.0,25.0,37.42254000000001,-118.43364,2,1,4,1
