log_star_ratings,log_ticks,log_avg_stars,log_length,log_grade,log_on_to_do_lists,sqrt_star_ratings,sqrt_ticks,sqrt_avg_stars,sqrt_length,sqrt_grade
0.602059991327962,0.845098040014257,0.230448921378274,0.954242509439325,0,0.477121254719662,1.73205080756888,2.44948974278318,0.836660026534076,2.82842712474619,0
1.32221929473392,1.70757017609794,0.431363764158987,1.20411998265592,0,0.903089986991943,4.47213595499958,7.07106781186548,1.30384048104053,3.87298334620742,0
1.43136376415899,1.7160033436348,0.380211241711606,1.11394335230684,0,0.698970004336019,5.09901951359278,7.14142842854285,1.18321595661992,3.46410161513775,0
1.47712125471966,1.81954393554187,0.491361693834273,1.32221929473392,0,1.07918124604762,5.3851648071345,8.06225774829855,1.44913767461894,4.47213595499958,0
1.97772360528885,2.34044411484012,0.491361693834273,1.20411998265592,0,1.75587485567249,9.69535971483266,14.7648230602334,1.44913767461894,3.87298334620742,0
0.301029995663981,0.602059991327962,0.301029995663981,1.11394335230684,0,0,1,1.73205080756888,1,3.46410161513775,0
0.602059991327962,0.778151250383644,0.431363764158987,1.11394335230684,0,0.602059991327962,1.73205080756888,2.23606797749979,1.30384048104053,3.46410161513775,0
0.778151250383644,1.20411998265592,0.380211241711606,1.04139268515823,0,0.477121254719662,2.23606797749979,3.87298334620742,1.18321595661992,3.16227766016838,0
1.61278385671974,1.88649072517248,0.431363764158987,1.04139268515823,0,1,6.32455532033676,8.71779788708135,1.30384048104053,3.16227766016838,0
0.903089986991943,1.11394335230684,0.278753600952829,,0,0,2.64575131106459,3.46410161513775,0.948683298050514,,0
0.845098040014257,1,0.431363764158987,1.20411998265592,0.243038048686294,0.778151250383644,2.44948974278318,3,1.30384048104053,3.87298334620742,0.866025403784439
0.845098040014257,1.04139268515823,0.342422680822206,1.20411998265592,0.243038048686294,0.845098040014257,2.44948974278318,3.16227766016838,1.09544511501033,3.87298334620742,0.866025403784439
0.903089986991943,1.14612803567824,0.491361693834273,1.04139268515823,0.243038048686294,0.903089986991943,2.64575131106459,3.60555127546399,1.44913767461894,3.16227766016838,0.866025403784439
0.602059991327962,0.903089986991943,0.301029995663981,1.04139268515823,0.243038048686294,0.602059991327962,1.73205080756888,2.64575131106459,1,3.16227766016838,0.866025403784439
1.11394335230684,1.39794000867204,0.462397997898956,1.20411998265592,0.243038048686294,1.07918124604762,3.46410161513775,4.89897948556636,1.37840487520902,3.87298334620742,0.866025403784439
2.3384564936046,2.62531245096167,0.602059991327962,1.41497334797082,0.243038048686294,1.90848501887865,14.7309198626562,20.5182845286832,1.73205080756888,5,0.866025403784439
0.301029995663981,0.477121254719662,0.477121254719662,1.20411998265592,0.243038048686294,0.301029995663981,1,1.4142135623731,1.4142135623731,3.87298334620742,0.866025403784439
0.301029995663981,0.477121254719662,0.301029995663981,1.11394335230684,0.243038048686294,0,1,1.4142135623731,1,3.46410161513775,0.866025403784439
0.301029995663981,0.477121254719662,0.301029995663981,1.11394335230684,0.243038048686294,0,1,1.4142135623731,1,3.46410161513775,0.866025403784439
1.11394335230684,1.38021124171161,0.342422680822206,1.20411998265592,0.243038048686294,0.698970004336019,3.46410161513775,4.79583152331272,1.09544511501033,3.87298334620742,0.866025403784439
0,0.477121254719662,0,,0.243038048686294,0,0,1.4142135623731,0,,0.866025403784439
0,0.301029995663981,0,,0.243038048686294,0,0,1,0,,0.866025403784439
0.698970004336019,0.845098040014257,0.447158031342219,1.32221929473392,0.243038048686294,0.301029995663981,2,2.44948974278318,1.34164078649987,4.47213595499958,0.866025403784439
0.301029995663981,0.602059991327962,0.477121254719662,1.04139268515823,0.243038048686294,0,1,1.73205080756888,1.4142135623731,3.16227766016838,0.866025403784439
1.17609125905568,1.39794000867204,0.491361693834273,1.11394335230684,0.243038048686294,0.477121254719662,3.74165738677394,4.89897948556636,1.44913767461894,3.46410161513775,0.866025403784439
1.11394335230684,1.41497334797082,0.57978359661681,1.20411998265592,0.243038048686294,1.11394335230684,3.46410161513775,5,1.67332005306815,3.87298334620742,0.866025403784439
0.698970004336019,0.954242509439325,0.301029995663981,1.20411998265592,0.243038048686294,0,2,2.82842712474619,1,3.87298334620742,0.866025403784439
0.602059991327962,0.954242509439325,0.361727836017593,1.27875360095283,0.243038048686294,0.301029995663981,1.73205080756888,2.82842712474619,1.14017542509914,4.24264068711929,0.866025403784439
0.698970004336019,1.07918124604762,0.397940008672038,1.04139268515823,0.243038048686294,0.477121254719662,2,3.3166247903554,1.22474487139159,3.16227766016838,0.866025403784439
0.698970004336019,1.14612803567824,0.361727836017593,1.04139268515823,0.243038048686294,0.477121254719662,2,3.60555127546399,1.14017542509914,3.16227766016838,0.866025403784439
0.602059991327962,1,0.361727836017593,1.04139268515823,0.243038048686294,0.477121254719662,1.73205080756888,3,1.14017542509914,3.16227766016838,0.866025403784439
0.778151250383644,1.14612803567824,0.414973347970818,1.04139268515823,0.243038048686294,0.477121254719662,2.23606797749979,3.60555127546399,1.26491106406735,3.16227766016838,0.866025403784439
0.477121254719662,0.698970004336019,0.301029995663981,1.11394335230684,0.243038048686294,0.301029995663981,1.4142135623731,2,1,3.46410161513775,0.866025403784439
0.477121254719662,0.602059991327962,0.397940008672038,,0.243038048686294,0,1.4142135623731,1.73205080756888,1.22474487139159,,0.866025403784439
0,0.301029995663981,0,,0.243038048686294,0.301029995663981,0,1,0,,0.866025403784439
0.477121254719662,0.845098040014257,0.301029995663981,,0.243038048686294,0.477121254719662,1.4142135623731,2.44948974278318,1,,0.866025403784439
0.301029995663981,0.602059991327962,0.477121254719662,,0.243038048686294,0.301029995663981,1,1.73205080756888,1.4142135623731,,0.866025403784439
0.477121254719662,0.903089986991943,0.477121254719662,,0.243038048686294,0.698970004336019,1.4142135623731,2.64575131106459,1.4142135623731,,0.866025403784439
0.602059991327962,1,0.301029995663981,1.04139268515823,0.243038048686294,0,1.73205080756888,3,1,3.16227766016838,0.866025403784439
0.477121254719662,0.602059991327962,0.301029995663981,,0.243038048686294,0,1.4142135623731,1.73205080756888,1,,0.866025403784439
0.301029995663981,0.602059991327962,0.301029995663981,1.04139268515823,0.243038048686294,0,1,1.73205080756888,1,3.16227766016838,0.866025403784439
0.301029995663981,0.698970004336019,0.301029995663981,1.04139268515823,0.243038048686294,0,1,2,1,3.16227766016838,0.866025403784439
0.301029995663981,0.602059991327962,0.301029995663981,1.20411998265592,0.243038048686294,0.477121254719662,1,1.73205080756888,1,3.87298334620742,0.866025403784439
0.301029995663981,0.477121254719662,0.301029995663981,1.20411998265592,0.243038048686294,0,1,1.4142135623731,1,3.87298334620742,0.866025403784439
0.301029995663981,0.602059991327962,0.301029995663981,1.11394335230684,0.243038048686294,0.477121254719662,1,1.73205080756888,1,3.46410161513775,0.866025403784439
0.477121254719662,1,0.301029995663981,1.04139268515823,0.243038048686294,0,1.4142135623731,3,1,3.16227766016838,0.866025403784439
1.32221929473392,1.54406804435028,0.462397997898956,1.04139268515823,0.243038048686294,0.903089986991943,4.47213595499958,5.8309518948453,1.37840487520902,3.16227766016838,0.866025403784439
1.72427586960079,2.05307844348342,0.462397997898956,1.04139268515823,0.243038048686294,0.954242509439325,7.21110255092798,10.5830052442584,1.37840487520902,3.16227766016838,0.866025403784439
1.67209785793572,2.02938377768521,0.477121254719662,1.04139268515823,0.243038048686294,1,6.78232998312527,10.295630140987,1.4142135623731,3.16227766016838,0.866025403784439
1.47712125471966,1.82607480270083,0.477121254719662,0.954242509439325,0.243038048686294,0.477121254719662,5.3851648071345,8.12403840463596,1.4142135623731,2.82842712474619,0.866025403784439
1.36172783601759,1.56820172406699,0.447158031342219,1.04139268515823,0.243038048686294,0.477121254719662,4.69041575982343,6,1.34164078649987,3.16227766016838,0.866025403784439
1.07918124604762,1.49136169383427,0.544068044350276,1.14612803567824,0.243038048686294,1.04139268515823,3.3166247903554,5.47722557505166,1.58113883008419,3.60555127546399,0.866025403784439
0.903089986991943,1.23044892137827,0.361727836017593,1.32221929473392,0.243038048686294,0.301029995663981,2.64575131106459,4,1.14017542509914,4.47213595499958,0.866025403784439
1.27875360095283,1.65321251377534,0.462397997898956,1.27875360095283,0.243038048686294,0.602059991327962,4.24264068711929,6.6332495807108,1.37840487520902,4.24264068711929,0.866025403784439
0.778151250383644,1.25527250510331,0.342422680822206,1.20411998265592,0.243038048686294,0.477121254719662,2.23606797749979,4.12310562561766,1.09544511501033,3.87298334620742,0.866025403784439
1.38021124171161,1.78532983501077,0.322219294733919,1.04139268515823,0.243038048686294,0.477121254719662,4.79583152331272,7.74596669241483,1.04880884817015,3.16227766016838,0.866025403784439
0.602059991327962,0.845098040014257,0.361727836017593,,0.243038048686294,0,1.73205080756888,2.44948974278318,1.14017542509914,,0.866025403784439
0.698970004336019,0.903089986991943,0.477121254719662,1.11394335230684,0.243038048686294,0.301029995663981,2,2.64575131106459,1.4142135623731,3.46410161513775,0.866025403784439
0.778151250383644,0.954242509439325,0.342422680822206,1.11394335230684,0.243038048686294,0,2.23606797749979,2.82842712474619,1.09544511501033,3.46410161513775,0.866025403784439
0.301029995663981,0.602059991327962,0.301029995663981,1.20411998265592,0.243038048686294,0,1,1.73205080756888,1,3.87298334620742,0.866025403784439
0.602059991327962,0.698970004336019,0.301029995663981,,0.243038048686294,0.301029995663981,1.73205080756888,2,1,,0.866025403784439
0.301029995663981,0.698970004336019,0.301029995663981,1.11394335230684,0.243038048686294,0,1,2,1,3.46410161513775,0.866025403784439
0.778151250383644,1.07918124604762,0.505149978319906,1.04139268515823,0.301029995663981,0.602059991327962,2.23606797749979,3.3166247903554,1.48323969741913,3.16227766016838,1
0.301029995663981,0.602059991327962,0.301029995663981,0.954242509439325,0.301029995663981,0.477121254719662,1,1.73205080756888,1,2.82842712474619,1
1.86923171973098,2.17026171539496,0.505149978319906,1.41497334797082,0.301029995663981,1.44715803134222,8.54400374531753,12.1243556529821,1.48323969741913,5,1
0.301029995663981,1,0.301029995663981,1.20411998265592,0.301029995663981,0.698970004336019,1,3,1,3.87298334620742,1
0.778151250383644,1.07918124604762,0.447158031342219,1.11394335230684,0.301029995663981,0,2.23606797749979,3.3166247903554,1.34164078649987,3.46410161513775,1
0.477121254719662,0.778151250383644,0.301029995663981,1.11394335230684,0.301029995663981,0,1.4142135623731,2.23606797749979,1,3.46410161513775,1
0.477121254719662,0,0.397940008672038,,0.301029995663981,0,1.4142135623731,0,1.22474487139159,,1
1.49136169383427,1.55630250076729,0.57978359661681,1.32221929473392,0.301029995663981,1.32221929473392,5.47722557505166,5.91607978309962,1.67332005306815,4.47213595499958,1
0,0.301029995663981,0,,0.301029995663981,0,0,1,0,,1
0,0.301029995663981,0,,0.301029995663981,0,0,1,0,,1
0,0.301029995663981,0,,0.301029995663981,0,0,1,0,,1
0.301029995663981,0.602059991327962,0.301029995663981,1.04139268515823,0.301029995663981,0,1,1.73205080756888,1,3.16227766016838,1
0.477121254719662,0.698970004336019,0.477121254719662,0.954242509439325,0.301029995663981,0.698970004336019,1.4142135623731,2,1.4142135623731,2.82842712474619,1
0.845098040014257,1.20411998265592,0.431363764158987,1.20411998265592,0.301029995663981,0.301029995663981,2.44948974278318,3.87298334620742,1.30384048104053,3.87298334620742,1
0.301029995663981,0.602059991327962,0.301029995663981,1.04139268515823,0.301029995663981,0,1,1.73205080756888,1,3.16227766016838,1
0.778151250383644,1.14612803567824,0.505149978319906,1.04139268515823,0.301029995663981,0.602059991327962,2.23606797749979,3.60555127546399,1.48323969741913,3.16227766016838,1
0.477121254719662,0.845098040014257,0.301029995663981,1.04139268515823,0.301029995663981,0.301029995663981,1.4142135623731,2.44948974278318,1,3.16227766016838,1
1,1.04139268515823,0.431363764158987,1.11394335230684,0.301029995663981,0.477121254719662,3,3.16227766016838,1.30384048104053,3.46410161513775,1
0.602059991327962,0.778151250383644,0.477121254719662,1.04139268515823,0.301029995663981,0,1.73205080756888,2.23606797749979,1.4142135623731,3.16227766016838,1
0.301029995663981,0.698970004336019,0.301029995663981,1.27875360095283,0.301029995663981,0,1,2,1,4.24264068711929,1
0.477121254719662,0.602059991327962,0.477121254719662,1.04139268515823,0.301029995663981,0.477121254719662,1.4142135623731,1.73205080756888,1.4142135623731,3.16227766016838,1
0.845098040014257,1,0.447158031342219,,0.301029995663981,0.301029995663981,2.44948974278318,3,1.34164078649987,,1
0.477121254719662,0.778151250383644,0.397940008672038,1.11394335230684,0.301029995663981,0.301029995663981,1.4142135623731,2.23606797749979,1.22474487139159,3.46410161513775,1
0.301029995663981,0.602059991327962,0.301029995663981,1.20411998265592,0.301029995663981,0,1,1.73205080756888,1,3.87298334620742,1
0.602059991327962,1,0.361727836017593,,0.301029995663981,0.477121254719662,1.73205080756888,3,1.14017542509914,,1
0.301029995663981,0.602059991327962,0.301029995663981,1.20411998265592,0.301029995663981,0.301029995663981,1,1.73205080756888,1,3.87298334620742,1
0.845098040014257,1.04139268515823,0.342422680822206,,0.301029995663981,0.301029995663981,2.44948974278318,3.16227766016838,1.09544511501033,,1
1.51851393987789,1.8750612633917,0.397940008672038,1.04139268515823,0.301029995663981,0.301029995663981,5.65685424949238,8.60232526704263,1.22474487139159,3.16227766016838,1
1.94448267215017,2.11394335230684,0.643452676486187,1.32221929473392,0.301029995663981,2.22010808804005,9.32737905308882,11.3578166916005,1.84390889145858,4.47213595499958,1
1.07918124604762,1.25527250510331,0.447158031342219,1.36172783601759,0.352182518111362,0.602059991327962,3.3166247903554,4.12310562561766,1.34164078649987,4.69041575982343,1.1180339887499
1.20411998265592,1.43136376415899,0.462397997898956,0.954242509439325,0.301029995663981,0.602059991327962,3.87298334620742,5.09901951359278,1.37840487520902,2.82842712474619,1
0.477121254719662,1.17609125905568,0.477121254719662,0.845098040014257,0.301029995663981,0.602059991327962,1.4142135623731,3.74165738677394,1.4142135623731,2.44948974278318,1
1.27875360095283,1.68124123737559,0.568201724066995,0.954242509439325,0.301029995663981,1.11394335230684,4.24264068711929,6.85565460040104,1.6431676725155,2.82842712474619,1
0.602059991327962,1,0.477121254719662,0.778151250383644,0.301029995663981,0.698970004336019,1.73205080756888,3,1.4142135623731,2.23606797749979,1
0.845098040014257,1.34242268082221,0.477121254719662,0.903089986991943,0.301029995663981,0.903089986991943,2.44948974278318,4.58257569495584,1.4142135623731,2.64575131106459,1
0.698970004336019,0.778151250383644,0.397940008672038,0.954242509439325,0.301029995663981,0.602059991327962,2,2.23606797749979,1.22474487139159,2.82842712474619,1
0.301029995663981,0.845098040014257,0.477121254719662,0.954242509439325,0.301029995663981,0.778151250383644,1,2.44948974278318,1.4142135623731,2.82842712474619,1
1.25527250510331,1.61278385671974,0.491361693834273,1.20411998265592,0.301029995663981,1.07918124604762,4.12310562561766,6.32455532033676,1.44913767461894,3.87298334620742,1
1.04139268515823,1.25527250510331,0.531478917042255,1.32221929473392,0.301029995663981,0.903089986991943,3.16227766016838,4.12310562561766,1.54919333848297,4.47213595499958,1
1.32221929473392,1.57978359661681,0.447158031342219,1.04139268515823,0.301029995663981,0.778151250383644,4.47213595499958,6.08276253029822,1.34164078649987,3.16227766016838,1
0.301029995663981,0.602059991327962,0.301029995663981,1.04139268515823,0.301029995663981,0.602059991327962,1,1.73205080756888,1,3.16227766016838,1
0.301029995663981,0.602059991327962,0.477121254719662,1.20411998265592,0.301029995663981,0.301029995663981,1,1.73205080756888,1.4142135623731,3.87298334620742,1
0.778151250383644,0.903089986991943,0.414973347970818,,0.301029995663981,0.698970004336019,2.23606797749979,2.64575131106459,1.26491106406735,,1
2.04139268515822,2.28555730900777,0.633468455579586,1.27875360095283,0.352182518111362,2.29003461136252,10.4403065089106,13.856406460551,1.8165902124585,4.24264068711929,1.1180339887499
1.25527250510331,1.44715803134222,0.414973347970818,1.20411998265592,0.352182518111362,1.14612803567824,4.12310562561766,5.19615242270663,1.26491106406735,3.87298334620742,1.1180339887499
2.01283722470517,2.32428245529769,0.491361693834273,1.04139268515823,0.352182518111362,1.75587485567249,10.0995049383621,14.4913767461894,1.44913767461894,3.16227766016838,1.1180339887499
1.44715803134222,1.78532983501077,0.397940008672038,1.04139268515823,0.352182518111362,0.778151250383644,5.19615242270663,7.74596669241483,1.22474487139159,3.16227766016838,1.1180339887499
1.67209785793572,1.98227123303957,0.447158031342219,1.04139268515823,0.352182518111362,0.845098040014257,6.78232998312527,9.74679434480896,1.34164078649987,3.16227766016838,1.1180339887499
1.79934054945358,2.02938377768521,0.556302500767287,1.41497334797082,0.352182518111362,1.50514997831991,7.87400787401181,10.295630140987,1.61245154965971,5,1.1180339887499
1.85125834871908,2.17897694729317,0.544068044350276,1.27875360095283,0.352182518111362,1.44715803134222,8.36660026534076,12.2474487139159,1.58113883008419,4.24264068711929,1.1180339887499
0.301029995663981,0.602059991327962,0.602059991327962,1.11394335230684,0.352182518111362,1.07918124604762,1,1.73205080756888,1.73205080756888,3.46410161513775,1.1180339887499
0.301029995663981,0.477121254719662,0.477121254719662,,0.352182518111362,0.477121254719662,1,1.4142135623731,1.4142135623731,,1.1180339887499
0,0.301029995663981,0,,0.352182518111362,0.301029995663981,0,1,0,,1.1180339887499
0,0.301029995663981,0,,0.352182518111362,0.301029995663981,0,1,0,,1.1180339887499
0.301029995663981,0.602059991327962,0.301029995663981,1.11394335230684,0.352182518111362,0,1,1.73205080756888,1,3.46410161513775,1.1180339887499
0.845098040014257,1.11394335230684,0.568201724066995,1.20411998265592,0.352182518111362,0.778151250383644,2.44948974278318,3.46410161513775,1.6431676725155,3.87298334620742,1.1180339887499
0.301029995663981,0.698970004336019,0.301029995663981,1.20411998265592,0.352182518111362,0,1,2,1,3.87298334620742,1.1180339887499
0.477121254719662,0.778151250383644,0.397940008672038,1.20411998265592,0.352182518111362,0,1.4142135623731,2.23606797749979,1.22474487139159,3.87298334620742,1.1180339887499
0.602059991327962,0.778151250383644,0.477121254719662,,0.352182518111362,0.602059991327962,1.73205080756888,2.23606797749979,1.4142135623731,,1.1180339887499
0.301029995663981,0.778151250383644,0.477121254719662,1.20411998265592,0.352182518111362,0,1,2.23606797749979,1.4142135623731,3.87298334620742,1.1180339887499
0.477121254719662,0.698970004336019,0.301029995663981,1.04139268515823,0.352182518111362,0,1.4142135623731,2,1,3.16227766016838,1.1180339887499
0.301029995663981,0.845098040014257,0.301029995663981,1.11394335230684,0.352182518111362,0.301029995663981,1,2.44948974278318,1,3.46410161513775,1.1180339887499
0.301029995663981,0.845098040014257,0.477121254719662,1.11394335230684,0.352182518111362,0.477121254719662,1,2.44948974278318,1.4142135623731,3.46410161513775,1.1180339887499
1.30102999566398,1.55630250076729,0.431363764158987,1.04139268515823,0.352182518111362,0.477121254719662,4.35889894354067,5.91607978309962,1.30384048104053,3.16227766016838,1.1180339887499
0.301029995663981,0.954242509439325,0.477121254719662,1.20411998265592,0.352182518111362,0.301029995663981,1,2.82842712474619,1.4142135623731,3.87298334620742,1.1180339887499
0.301029995663981,0.698970004336019,0.301029995663981,1.04139268515823,0.352182518111362,0.698970004336019,1,2,1,3.16227766016838,1.1180339887499
0.301029995663981,0.602059991327962,0.301029995663981,1.20411998265592,0.352182518111362,0.301029995663981,1,1.73205080756888,1,3.87298334620742,1.1180339887499
0.778151250383644,0.903089986991943,0.380211241711606,,0.352182518111362,0.301029995663981,2.23606797749979,2.64575131106459,1.18321595661992,,1.1180339887499
0.778151250383644,1.04139268515823,0.380211241711606,1.20411998265592,0.352182518111362,0.301029995663981,2.23606797749979,3.16227766016838,1.18321595661992,3.87298334620742,1.1180339887499
1.14612803567824,1.47712125471966,0.531478917042255,1.20411998265592,0.352182518111362,0.602059991327962,3.60555127546399,5.3851648071345,1.54919333848297,3.87298334620742,1.1180339887499
1.64345267648619,1.92427928606188,0.591064607026499,1.20411998265592,0.352182518111362,1.27875360095283,6.557438524302,9.1104335791443,1.70293863659264,3.87298334620742,1.1180339887499
1.43136376415899,1.73239375982297,0.568201724066995,,0.352182518111362,0.903089986991943,5.09901951359278,7.28010988928052,1.6431676725155,,1.1180339887499
0.954242509439325,1.17609125905568,0.447158031342219,,0.352182518111362,0,2.82842712474619,3.74165738677394,1.34164078649987,,1.1180339887499
1.77085201164214,2.15836249209525,0.568201724066995,1.20411998265592,0.352182518111362,1.76342799356294,7.61577310586391,11.9582607431014,1.6431676725155,3.87298334620742,1.1180339887499
0.778151250383644,0.954242509439325,0.342422680822206,1.20411998265592,0.352182518111362,0.301029995663981,2.23606797749979,2.82842712474619,1.09544511501033,3.87298334620742,1.1180339887499
1.46239799789896,1.81291335664286,0.505149978319906,1.04139268515823,0.352182518111362,0.845098040014257,5.29150262212918,8,1.48323969741913,3.16227766016838,1.1180339887499
0.698970004336019,1.07918124604762,0.361727836017593,1.04139268515823,0.352182518111362,0.477121254719662,2,3.3166247903554,1.14017542509914,3.16227766016838,1.1180339887499
1.32221929473392,1.70757017609794,0.491361693834273,1.11394335230684,0.352182518111362,1,4.47213595499958,7.07106781186548,1.44913767461894,3.46410161513775,1.1180339887499
0.301029995663981,0.602059991327962,0.301029995663981,1.11394335230684,0.352182518111362,0.301029995663981,1,1.73205080756888,1,3.46410161513775,1.1180339887499
0.301029995663981,0.477121254719662,0.301029995663981,1.11394335230684,0.352182518111362,0,1,1.4142135623731,1,3.46410161513775,1.1180339887499
0.301029995663981,0.698970004336019,0.301029995663981,0.954242509439325,0.439332693830263,0.301029995663981,1,2,1,2.82842712474619,1.3228756555323
1.14612803567824,1.27875360095283,0.602059991327962,1.41497334797082,0.511883360978874,1.46239799789896,3.60555127546399,4.24264068711929,1.73205080756888,5,1.5
0.845098040014257,1.17609125905568,0.447158031342219,1.04139268515823,0.477121254719662,0.903089986991943,2.44948974278318,3.74165738677394,1.34164078649987,3.16227766016838,1.4142135623731
1.53147891704226,1.82607480270083,0.568201724066995,1.61278385671974,0.477121254719662,1,5.74456264653803,8.12403840463596,1.6431676725155,6.32455532033676,1.4142135623731
0.301029995663981,0.477121254719662,0.477121254719662,1.32221929473392,0.477121254719662,0,1,1.4142135623731,1.4142135623731,4.47213595499958,1.4142135623731
0.477121254719662,0.698970004336019,0.301029995663981,1.20411998265592,0.477121254719662,0.301029995663981,1.4142135623731,2,1,3.87298334620742,1.4142135623731
1.07918124604762,1.34242268082221,0.505149978319906,1.20411998265592,0.477121254719662,1.34242268082221,3.3166247903554,4.58257569495584,1.48323969741913,3.87298334620742,1.4142135623731
0.903089986991943,0.954242509439325,0.414973347970818,1.11394335230684,0.477121254719662,0.903089986991943,2.64575131106459,2.82842712474619,1.26491106406735,3.46410161513775,1.4142135623731
1.75587485567249,2.12057393120585,0.462397997898956,1.11394335230684,0.477121254719662,1.38021124171161,7.48331477354788,11.4455231422596,1.37840487520902,3.46410161513775,1.4142135623731
1.17609125905568,1.56820172406699,0.447158031342219,1.20411998265592,0.477121254719662,0.845098040014257,3.74165738677394,6,1.34164078649987,3.87298334620742,1.4142135623731
1.60205999132796,1.79239168949825,0.477121254719662,1.11394335230684,0.477121254719662,1.20411998265592,6.2449979983984,7.81024967590665,1.4142135623731,3.46410161513775,1.4142135623731
2.03342375548695,2.3541084391474,0.556302500767287,1.04139268515823,0.477121254719662,1.83884909073726,10.3440804327886,15,1.61245154965971,3.16227766016838,1.4142135623731
2.62428209583567,2.8819549713396,0.662757831681574,1.41497334797082,0.477121254719662,2.51188336097887,20.4939015319192,27.5862284482674,1.89736659610103,5,1.4142135623731
1.14612803567824,1.46239799789896,0.568201724066995,1.41497334797082,0.477121254719662,0.954242509439325,3.60555127546399,5.29150262212918,1.6431676725155,5,1.4142135623731
0.845098040014257,1.14612803567824,0.544068044350276,1.32221929473392,0.477121254719662,0.698970004336019,2.44948974278318,3.60555127546399,1.58113883008419,4.47213595499958,1.4142135623731
1.20411998265592,1.51851393987789,0.491361693834273,1.20411998265592,0.477121254719662,0.903089986991943,3.87298334620742,5.65685424949238,1.44913767461894,3.87298334620742,1.4142135623731
0.477121254719662,0.903089986991943,0.301029995663981,1.11394335230684,0.477121254719662,0.301029995663981,1.4142135623731,2.64575131106459,1,3.46410161513775,1.4142135623731
0.698970004336019,1,0.447158031342219,1.11394335230684,0.477121254719662,0.301029995663981,2,3,1.34164078649987,3.46410161513775,1.4142135623731
0,0.301029995663981,0,,0.477121254719662,0,0,1,0,,1.4142135623731
0,0.301029995663981,0,,0.477121254719662,0.301029995663981,0,1,0,,1.4142135623731
0.602059991327962,0.301029995663981,0.361727836017593,1.32221929473392,0.511883360978874,0.301029995663981,1.73205080756888,1,1.14017542509914,4.47213595499958,1.5
0.301029995663981,0.602059991327962,0.301029995663981,1.11394335230684,0.477121254719662,0,1,1.73205080756888,1,3.46410161513775,1.4142135623731
0.301029995663981,0.602059991327962,0.301029995663981,0.954242509439325,0.477121254719662,0,1,1.73205080756888,1,2.82842712474619,1.4142135623731
0.301029995663981,0.602059991327962,0.301029995663981,1.11394335230684,0.477121254719662,0,1,1.73205080756888,1,3.46410161513775,1.4142135623731
0.477121254719662,0.778151250383644,0.301029995663981,1.11394335230684,0.477121254719662,0.301029995663981,1.4142135623731,2.23606797749979,1,3.46410161513775,1.4142135623731
0.301029995663981,0.477121254719662,0.477121254719662,,0.477121254719662,0.301029995663981,1,1.4142135623731,1.4142135623731,,1.4142135623731
0.301029995663981,0.602059991327962,0.477121254719662,1.20411998265592,0.477121254719662,0.301029995663981,1,1.73205080756888,1.4142135623731,3.87298334620742,1.4142135623731
0.477121254719662,0.845098040014257,0.477121254719662,1.20411998265592,0.477121254719662,0,1.4142135623731,2.44948974278318,1.4142135623731,3.87298334620742,1.4142135623731
0.301029995663981,0.602059991327962,0.301029995663981,1.20411998265592,0.477121254719662,0,1,1.73205080756888,1,3.87298334620742,1.4142135623731
0.477121254719662,0.301029995663981,0.544068044350276,1.46239799789896,0.511883360978874,0.698970004336019,1.4142135623731,1,1.58113883008419,5.29150262212918,1.5
0.301029995663981,0.602059991327962,0.301029995663981,1.20411998265592,0.477121254719662,0,1,1.73205080756888,1,3.87298334620742,1.4142135623731
1.60205999132796,1.8750612633917,0.505149978319906,1.04139268515823,0.477121254719662,0.903089986991943,6.2449979983984,8.60232526704263,1.48323969741913,3.16227766016838,1.4142135623731
0.477121254719662,0.845098040014257,0.397940008672038,1.04139268515823,0.477121254719662,0,1.4142135623731,2.44948974278318,1.22474487139159,3.16227766016838,1.4142135623731
0.301029995663981,0.301029995663981,0.301029995663981,1.04139268515823,0.477121254719662,0.301029995663981,1,1,1,3.16227766016838,1.4142135623731
0.301029995663981,0.477121254719662,0,1.04139268515823,0.477121254719662,0,1,1.4142135623731,0,3.16227766016838,1.4142135623731
0.301029995663981,0.477121254719662,0.477121254719662,1.20411998265592,0.477121254719662,0.301029995663981,1,1.4142135623731,1.4142135623731,3.87298334620742,1.4142135623731
0.903089986991943,1.04139268515823,0.556302500767287,1.11394335230684,0.477121254719662,0.845098040014257,2.64575131106459,3.16227766016838,1.61245154965971,3.46410161513775,1.4142135623731
0.301029995663981,0.602059991327962,0.301029995663981,1.04139268515823,0.477121254719662,0.301029995663981,1,1.73205080756888,1,3.16227766016838,1.4142135623731
0.954242509439325,1.23044892137827,0.301029995663981,1.04139268515823,0.477121254719662,0.477121254719662,2.82842712474619,4,1,3.16227766016838,1.4142135623731
0.301029995663981,1,0.301029995663981,1.04139268515823,0.477121254719662,0.477121254719662,1,3,1,3.16227766016838,1.4142135623731
0.477121254719662,0.602059991327962,0.397940008672038,1.20411998265592,0.477121254719662,0.602059991327962,1.4142135623731,1.73205080756888,1.22474487139159,3.87298334620742,1.4142135623731
0.477121254719662,0.698970004336019,0.397940008672038,,0.477121254719662,0.301029995663981,1.4142135623731,2,1.22474487139159,,1.4142135623731
0.477121254719662,0.602059991327962,0.301029995663981,,0.477121254719662,0.301029995663981,1.4142135623731,1.73205080756888,1,,1.4142135623731
0.301029995663981,0.602059991327962,0.301029995663981,1.20411998265592,0.477121254719662,0.477121254719662,1,1.73205080756888,1,3.87298334620742,1.4142135623731
0.477121254719662,0,0.653212513775344,1.46239799789896,0.511883360978874,1.04139268515823,1.4142135623731,0,1.87082869338697,5.29150262212918,1.5
0.477121254719662,0,0.653212513775344,1.46239799789896,0.511883360978874,0.903089986991943,1.4142135623731,0,1.87082869338697,5.29150262212918,1.5
1.44715803134222,1.69897000433602,0.414973347970818,1.04139268515823,0.477121254719662,0.301029995663981,5.19615242270663,7,1.26491106406735,3.16227766016838,1.4142135623731
0.301029995663981,0.477121254719662,0.301029995663981,1.14612803567824,0.477121254719662,0,1,1.4142135623731,1,3.60555127546399,1.4142135623731
1.17609125905568,1.23044892137827,0.556302500767287,1.32221929473392,0.477121254719662,0.698970004336019,3.74165738677394,4,1.61245154965971,4.47213595499958,1.4142135623731
1,1.17609125905568,0.342422680822206,1.04139268515823,0.477121254719662,0.477121254719662,3,3.74165738677394,1.09544511501033,3.16227766016838,1.4142135623731
0.845098040014257,1,0.397940008672038,1.11394335230684,0.477121254719662,0.477121254719662,2.44948974278318,3,1.22474487139159,3.46410161513775,1.4142135623731
1.54406804435028,1.97772360528885,0.477121254719662,,0.477121254719662,0.602059991327962,5.8309518948453,9.69535971483266,1.4142135623731,,1.4142135623731
1.66275783168157,1.92427928606188,0.477121254719662,1.04139268515823,0.477121254719662,0.698970004336019,6.70820393249937,9.1104335791443,1.4142135623731,3.16227766016838,1.4142135623731
1.47712125471966,1.81291335664286,0.397940008672038,1.04139268515823,0.477121254719662,0.477121254719662,5.3851648071345,8,1.22474487139159,3.16227766016838,1.4142135623731
0.602059991327962,0.845098040014257,0.361727836017593,0.903089986991943,0.477121254719662,0.301029995663981,1.73205080756888,2.44948974278318,1.14017542509914,2.64575131106459,1.4142135623731
0.954242509439325,1.17609125905568,0.544068044350276,1.20411998265592,0.477121254719662,0.778151250383644,2.82842712474619,3.74165738677394,1.58113883008419,3.87298334620742,1.4142135623731
1.68124123737559,2.01283722470517,0.568201724066995,1.27875360095283,0.477121254719662,1.77815125038364,6.85565460040104,10.0995049383621,1.6431676725155,4.24264068711929,1.4142135623731
1.07918124604762,1.38021124171161,0.531478917042255,1.27875360095283,0.477121254719662,1.04139268515823,3.3166247903554,4.79583152331272,1.54919333848297,4.24264068711929,1.4142135623731
0.845098040014257,1.07918124604762,0.505149978319906,1.32221929473392,0.477121254719662,0.301029995663981,2.44948974278318,3.3166247903554,1.48323969741913,4.47213595499958,1.4142135623731
0.301029995663981,0.477121254719662,0.301029995663981,1.20411998265592,0.477121254719662,0.477121254719662,1,1.4142135623731,1,3.87298334620742,1.4142135623731
0.301029995663981,0.301029995663981,0.301029995663981,1.04139268515823,0.477121254719662,0.301029995663981,1,1,1,3.16227766016838,1.4142135623731
0.301029995663981,0.602059991327962,0.477121254719662,1.04139268515823,0.477121254719662,0.301029995663981,1,1.73205080756888,1.4142135623731,3.16227766016838,1.4142135623731
0.477121254719662,0.698970004336019,0.397940008672038,1.04139268515823,0.477121254719662,0.477121254719662,1.4142135623731,2,1.22474487139159,3.16227766016838,1.4142135623731
1.17609125905568,1.61278385671974,0.414973347970818,1.04139268515823,0.477121254719662,0.477121254719662,3.74165738677394,6.32455532033676,1.26491106406735,3.16227766016838,1.4142135623731
2,2.18184358794477,0.591064607026499,1.11394335230684,0.477121254719662,2.12057393120585,9.9498743710662,12.2882057274445,1.70293863659264,3.46410161513775,1.4142135623731
0.301029995663981,0.301029995663981,0.477121254719662,1.14612803567824,0.477121254719662,0.477121254719662,1,1,1.4142135623731,3.60555127546399,1.4142135623731
0.301029995663981,0.477121254719662,0.477121254719662,0.954242509439325,0.477121254719662,0,1,1.4142135623731,1.4142135623731,2.82842712474619,1.4142135623731
0.301029995663981,0.477121254719662,0.477121254719662,,0.477121254719662,0,1,1.4142135623731,1.4142135623731,,1.4142135623731
0.602059991327962,0.602059991327962,0.477121254719662,1.17609125905568,0.511883360978874,0.301029995663981,1.73205080756888,1.73205080756888,1.4142135623731,3.74165738677394,1.5
1.77815125038364,1.91381385238372,0.6232492903979,1.20411998265592,0.511883360978874,1.8750612633917,7.68114574786861,9,1.78885438199983,3.87298334620742,1.5
0.301029995663981,0.477121254719662,0.301029995663981,1.20411998265592,0.511883360978874,0.602059991327962,1,1.4142135623731,1,3.87298334620742,1.5
1.77085201164214,1.95424250943932,0.544068044350276,1.11394335230684,0.511883360978874,1.25527250510331,7.61577310586391,9.4339811320566,1.58113883008419,3.46410161513775,1.5
0.301029995663981,0.301029995663981,0.477121254719662,0.954242509439325,0.544068044350276,0.301029995663981,1,1,1.4142135623731,2.82842712474619,1.58113883008419
1.07918124604762,1.27875360095283,0.462397997898956,,0.602059991327962,1,3.3166247903554,4.24264068711929,1.37840487520902,,1.73205080756888
0.698970004336019,1.04139268515823,0.477121254719662,0.954242509439325,0.602059991327962,0.845098040014257,2,3.16227766016838,1.4142135623731,2.82842712474619,1.73205080756888
1.32221929473392,1.51851393987789,0.544068044350276,1.32221929473392,0.602059991327962,1.14612803567824,4.47213595499958,5.65685424949238,1.58113883008419,4.47213595499958,1.73205080756888
0.602059991327962,0.698970004336019,0.361727836017593,1.04139268515823,0.602059991327962,0.301029995663981,1.73205080756888,2,1.14017542509914,3.16227766016838,1.73205080756888
1.69897000433602,1.77815125038364,0.568201724066995,1.25527250510331,0.602059991327962,1.70757017609794,7,7.68114574786861,1.6431676725155,4.12310562561766,1.73205080756888
1.43136376415899,1.68124123737559,0.544068044350276,1.20411998265592,0.602059991327962,1.63346845557959,5.09901951359278,6.85565460040104,1.58113883008419,3.87298334620742,1.73205080756888
1.07918124604762,1.25527250510331,0.477121254719662,1.20411998265592,0.602059991327962,0.477121254719662,3.3166247903554,4.12310562561766,1.4142135623731,3.87298334620742,1.73205080756888
1.56820172406699,1.63346845557959,0.591064607026499,1.78532983501077,0.602059991327962,2.09342168516224,6,6.48074069840786,1.70293863659264,7.74596669241483,1.73205080756888
1.56820172406699,1.7160033436348,0.57978359661681,1.20411998265592,0.602059991327962,1.49136169383427,6,7.14142842854285,1.67332005306815,3.87298334620742,1.73205080756888
1.39794000867204,1.54406804435028,0.556302500767287,1.20411998265592,0.602059991327962,1.14612803567824,4.89897948556636,5.8309518948453,1.61245154965971,3.87298334620742,1.73205080756888
0,0.301029995663981,0,,0.602059991327962,0,0,1,0,,1.73205080756888
0.301029995663981,0.477121254719662,0.477121254719662,,0.602059991327962,0,1,1.4142135623731,1.4142135623731,,1.73205080756888
0,0.301029995663981,0,,0.602059991327962,0,0,1,0,,1.73205080756888
0.602059991327962,0.954242509439325,0.431363764158987,1.04139268515823,0.602059991327962,0.477121254719662,1.73205080756888,2.82842712474619,1.30384048104053,3.16227766016838,1.73205080756888
0.477121254719662,0.477121254719662,0.477121254719662,1.32221929473392,0.628388930050311,0.845098040014257,1.4142135623731,1.4142135623731,1.4142135623731,4.47213595499958,1.80277563773199
0.477121254719662,0.845098040014257,0.397940008672038,1.27875360095283,0.602059991327962,0,1.4142135623731,2.44948974278318,1.22474487139159,4.24264068711929,1.73205080756888
0.301029995663981,0.602059991327962,0.301029995663981,1.20411998265592,0.602059991327962,0.301029995663981,1,1.73205080756888,1,3.87298334620742,1.73205080756888
0.301029995663981,0.698970004336019,0.477121254719662,1.11394335230684,0.602059991327962,0,1,2,1.4142135623731,3.46410161513775,1.73205080756888
0.845098040014257,0.845098040014257,0.447158031342219,1.04139268515823,0.602059991327962,0,2.44948974278318,2.44948974278318,1.34164078649987,3.16227766016838,1.73205080756888
0.602059991327962,0.477121254719662,0.431363764158987,0.845098040014257,0.602059991327962,0.477121254719662,1.73205080756888,1.4142135623731,1.30384048104053,2.44948974278318,1.73205080756888
0.954242509439325,1.17609125905568,0.380211241711606,1.04139268515823,0.602059991327962,0.477121254719662,2.82842712474619,3.74165738677394,1.18321595661992,3.16227766016838,1.73205080756888
1.55630250076729,1.79239168949825,0.518513939877887,1.04139268515823,0.602059991327962,1.27875360095283,5.91607978309962,7.81024967590665,1.51657508881031,3.16227766016838,1.73205080756888
1.49136169383427,1.72427586960079,0.531478917042255,1.11394335230684,0.602059991327962,0.903089986991943,5.47722557505166,7.21110255092798,1.54919333848297,3.46410161513775,1.73205080756888
0.954242509439325,0.954242509439325,0.556302500767287,1.11394335230684,0.602059991327962,0.698970004336019,2.82842712474619,2.82842712474619,1.61245154965971,3.46410161513775,1.73205080756888
0.778151250383644,0.903089986991943,0.505149978319906,1.04139268515823,0.602059991327962,0.477121254719662,2.23606797749979,2.64575131106459,1.48323969741913,3.16227766016838,1.73205080756888
0.698970004336019,0.602059991327962,0.57978359661681,1.32221929473392,0.602059991327962,0.602059991327962,2,1.73205080756888,1.67332005306815,4.47213595499958,1.73205080756888
0.301029995663981,0.778151250383644,0.301029995663981,1.04139268515823,0.602059991327962,0,1,2.23606797749979,1,3.16227766016838,1.73205080756888
0.301029995663981,0.477121254719662,0.477121254719662,1.04139268515823,0.602059991327962,0.477121254719662,1,1.4142135623731,1.4142135623731,3.16227766016838,1.73205080756888
0.903089986991943,0.778151250383644,0.556302500767287,1.49136169383427,0.602059991327962,1.07918124604762,2.64575131106459,2.23606797749979,1.61245154965971,5.47722557505166,1.73205080756888
1.72427586960079,1.92427928606188,0.531478917042255,1.04139268515823,0.602059991327962,1.14612803567824,7.21110255092798,9.1104335791443,1.54919333848297,3.16227766016838,1.73205080756888
0.602059991327962,0.602059991327962,0.477121254719662,,0.602059991327962,0.602059991327962,1.73205080756888,1.73205080756888,1.4142135623731,,1.73205080756888
0.477121254719662,0.477121254719662,0.301029995663981,,0.602059991327962,0.301029995663981,1.4142135623731,1.4142135623731,1,,1.73205080756888
0.698970004336019,0.903089986991943,0.477121254719662,1.32221929473392,0.602059991327962,0.602059991327962,2,2.64575131106459,1.4142135623731,4.47213595499958,1.73205080756888
0.301029995663981,0.477121254719662,0.477121254719662,1.27875360095283,0.602059991327962,0.477121254719662,1,1.4142135623731,1.4142135623731,4.24264068711929,1.73205080756888
1.91381385238372,2.13033376849501,0.556302500767287,1.20411998265592,0.602059991327962,1.73239375982297,9,11.5758369027902,1.61245154965971,3.87298334620742,1.73205080756888
1.5910646070265,1.86332286012046,0.477121254719662,1.11394335230684,0.602059991327962,1.14612803567824,6.16441400296898,8.48528137423857,1.4142135623731,3.46410161513775,1.73205080756888
1.36172783601759,1.55630250076729,0.462397997898956,1.11394335230684,0.602059991327962,1,4.69041575982343,5.91607978309962,1.37840487520902,3.46410161513775,1.73205080756888
1.07918124604762,1.36172783601759,0.447158031342219,1.11394335230684,0.602059991327962,0.602059991327962,3.3166247903554,4.69041575982343,1.34164078649987,3.46410161513775,1.73205080756888
0.954242509439325,1.23044892137827,0.518513939877887,1.20411998265592,0.602059991327962,0.477121254719662,2.82842712474619,4,1.51657508881031,3.87298334620742,1.73205080756888
1.51851393987789,1.77815125038364,0.568201724066995,1.11394335230684,0.602059991327962,1.07918124604762,5.65685424949238,7.68114574786861,1.6431676725155,3.46410161513775,1.73205080756888
1.20411998265592,1.5910646070265,0.491361693834273,1.41497334797082,0.602059991327962,0.778151250383644,3.87298334620742,6.16441400296898,1.44913767461894,5,1.73205080756888
1.32221929473392,1.56820172406699,0.462397997898956,1.11394335230684,0.602059991327962,0.602059991327962,4.47213595499958,6,1.37840487520902,3.46410161513775,1.73205080756888
0.477121254719662,0.845098040014257,0.301029995663981,1.20411998265592,0.602059991327962,0.301029995663981,1.4142135623731,2.44948974278318,1,3.87298334620742,1.73205080756888
0.778151250383644,1.07918124604762,0.414973347970818,1.20411998265592,0.602059991327962,0.698970004336019,2.23606797749979,3.3166247903554,1.26491106406735,3.87298334620742,1.73205080756888
1.17609125905568,1.51851393987789,0.544068044350276,1.20411998265592,0.602059991327962,1,3.74165738677394,5.65685424949238,1.58113883008419,3.87298334620742,1.73205080756888
0.301029995663981,0,0,1.20411998265592,0.602059991327962,0,1,0,0,3.87298334620742,1.73205080756888
1.38021124171161,1.65321251377534,0.477121254719662,,0.602059991327962,1.11394335230684,4.79583152331272,6.6332495807108,1.4142135623731,,1.73205080756888
0.301029995663981,0.301029995663981,0.477121254719662,0.954242509439325,0.602059991327962,0,1,1,1.4142135623731,2.82842712474619,1.73205080756888
0.301029995663981,0,0.602059991327962,1.32221929473392,0.602059991327962,0.602059991327962,1,0,1.73205080756888,4.47213595499958,1.73205080756888
0.778151250383644,0.778151250383644,0.602059991327962,1.11394335230684,0.602059991327962,1.39794000867204,2.23606797749979,2.23606797749979,1.73205080756888,3.46410161513775,1.73205080756888
0.301029995663981,0.301029995663981,0.477121254719662,1.04139268515823,0.602059991327962,0,1,1,1.4142135623731,3.16227766016838,1.73205080756888
0.301029995663981,0,0.602059991327962,1.41497334797082,0.653212513775344,0,1,0,1.73205080756888,5,1.87082869338697
1.98227123303957,2.14921911265538,0.568201724066995,,0.628388930050311,1.91381385238372,9.74679434480896,11.8321595661992,1.6431676725155,,1.80277563773199
0.301029995663981,0.301029995663981,0.602059991327962,1.11394335230684,0.628388930050311,0.903089986991943,1,1,1.73205080756888,3.46410161513775,1.80277563773199
1.66275783168157,1.88649072517248,0.518513939877887,1.11394335230684,0.653212513775344,1.32221929473392,6.70820393249937,8.71779788708135,1.51657508881031,3.46410161513775,1.87082869338697
0.301029995663981,0.301029995663981,0.477121254719662,1.17609125905568,0.653212513775344,0,1,1,1.4142135623731,3.74165738677394,1.87082869338697
0.301029995663981,0,0.301029995663981,1.04139268515823,0.653212513775344,0.477121254719662,1,0,1,3.16227766016838,1.87082869338697
2.34635297445064,2.69722934275972,0.568201724066995,,0.676693609624867,2.12710479836481,14.8660687473185,22.293496809608,1.6431676725155,,1.93649167310371
1.69019608002851,1.88081359228079,0.531478917042255,,0.676693609624867,1.54406804435028,6.92820323027551,8.66025403784439,1.54919333848297,,1.93649167310371
1,1.11394335230684,0.531478917042255,1.11394335230684,0.676693609624867,0.602059991327962,3,3.46410161513775,1.54919333848297,3.46410161513775,1.93649167310371
0.477121254719662,0.778151250383644,0.176091259055681,,0.676693609624867,0,1.4142135623731,2.23606797749979,0.707106781186548,,1.93649167310371
1.30102999566398,1.30102999566398,0.662757831681574,,0.676693609624867,1.93951925261862,4.35889894354067,4.35889894354067,1.89736659610103,,1.93649167310371
1.65321251377534,1.93449845124357,0.518513939877887,1.20411998265592,0.698970004336019,1.54406804435028,6.6332495807108,9.21954445729289,1.51657508881031,3.87298334620742,2
1.55630250076729,1.79239168949825,0.556302500767287,1.41497334797082,0.720159303405957,1.27875360095283,5.91607978309962,7.81024967590665,1.61245154965971,5,2.06155281280883
0.477121254719662,0.778151250383644,0.397940008672038,1.61278385671974,0.698970004336019,0.602059991327962,1.4142135623731,2.23606797749979,1.22474487139159,6.32455532033676,2
1.04139268515823,1.23044892137827,0.491361693834273,1.20411998265592,0.698970004336019,0.778151250383644,3.16227766016838,4,1.44913767461894,3.87298334620742,2
1.43136376415899,1.68124123737559,0.477121254719662,,0.698970004336019,1.07918124604762,5.09901951359278,6.85565460040104,1.4142135623731,,2
0.778151250383644,0.903089986991943,0.477121254719662,1.11394335230684,0.698970004336019,0.602059991327962,2.23606797749979,2.64575131106459,1.4142135623731,3.46410161513775,2
1.04139268515823,1.11394335230684,0.414973347970818,1.32221929473392,0.698970004336019,0.602059991327962,3.16227766016838,3.46410161513775,1.26491106406735,4.47213595499958,2
1.64345267648619,1.72427586960079,0.672097857935717,,0.698970004336019,2.15836249209525,6.557438524302,7.21110255092798,1.92353840616713,,2
0.477121254719662,0,0.397940008672038,1.20411998265592,0.698970004336019,0,1.4142135623731,0,1.22474487139159,3.87298334620742,2
1.97772360528885,2.05690485133647,0.672097857935717,1.32221929473392,0.720159303405957,2.18184358794477,9.69535971483266,10.6301458127347,1.92353840616713,4.47213595499958,2.06155281280883
0.698970004336019,0.954242509439325,0.518513939877887,1.20411998265592,0.698970004336019,0.602059991327962,2,2.82842712474619,1.51657508881031,3.87298334620742,2
0.301029995663981,0.698970004336019,0.301029995663981,1.11394335230684,0.698970004336019,0,1,2,1,3.46410161513775,2
0.602059991327962,0.477121254719662,0.568201724066995,1.20411998265592,0.698970004336019,0.903089986991943,1.73205080756888,1.4142135623731,1.6431676725155,3.87298334620742,2
0.301029995663981,0.698970004336019,0.477121254719662,1.11394335230684,0.698970004336019,0,1,2,1.4142135623731,3.46410161513775,2
0.301029995663981,0.698970004336019,0.477121254719662,1.04139268515823,0.698970004336019,0,1,2,1.4142135623731,3.16227766016838,2
0.903089986991943,0.954242509439325,0.477121254719662,1.04139268515823,0.698970004336019,0.778151250383644,2.64575131106459,2.82842712474619,1.4142135623731,3.16227766016838,2
0.602059991327962,0.698970004336019,0.431363764158987,1,0.698970004336019,0,1.73205080756888,2,1.30384048104053,3,2
0.301029995663981,0.477121254719662,0.477121254719662,1.20411998265592,0.698970004336019,0.301029995663981,1,1.4142135623731,1.4142135623731,3.87298334620742,2
0.301029995663981,0.477121254719662,0.301029995663981,1.04139268515823,0.698970004336019,0.301029995663981,1,1.4142135623731,1,3.16227766016838,2
0.301029995663981,0.477121254719662,0.477121254719662,1.20411998265592,0.698970004336019,0,1,1.4142135623731,1.4142135623731,3.87298334620742,2
0.903089986991943,1.04139268515823,0.462397997898956,1.11394335230684,0.698970004336019,0.602059991327962,2.64575131106459,3.16227766016838,1.37840487520902,3.46410161513775,2
0.845098040014257,1,0.544068044350276,1.11394335230684,0.698970004336019,0.602059991327962,2.44948974278318,3,1.58113883008419,3.46410161513775,2
0.301029995663981,0,0.301029995663981,1.27875360095283,0.698970004336019,0,1,0,1,4.24264068711929,2
1.07918124604762,1.23044892137827,0.531478917042255,1.04139268515823,0.698970004336019,0.602059991327962,3.3166247903554,4,1.54919333848297,3.16227766016838,2
0.301029995663981,0.477121254719662,0.602059991327962,1.04139268515823,0.698970004336019,0.778151250383644,1,1.4142135623731,1.73205080756888,3.16227766016838,2
0.477121254719662,0.698970004336019,0.544068044350276,1.04139268515823,0.698970004336019,0,1.4142135623731,2,1.58113883008419,3.16227766016838,2
0.903089986991943,1.17609125905568,0.602059991327962,1.04139268515823,0.698970004336019,1.04139268515823,2.64575131106459,3.74165738677394,1.73205080756888,3.16227766016838,2
0.698970004336019,0.778151250383644,0.397940008672038,1.04139268515823,0.698970004336019,0.477121254719662,2,2.23606797749979,1.22474487139159,3.16227766016838,2
2.13033376849501,2.37839790094814,0.591064607026499,1.11394335230684,0.698970004336019,2.02938377768521,11.5758369027902,15.4272486205415,1.70293863659264,3.46410161513775,2
1.93951925261862,2.22010808804005,0.518513939877887,1.04139268515823,0.698970004336019,1.36172783601759,9.2736184954957,12.8452325786651,1.51657508881031,3.16227766016838,2
0.477121254719662,0.477121254719662,0.544068044350276,1.04139268515823,0.698970004336019,0.301029995663981,1.4142135623731,1.4142135623731,1.58113883008419,3.16227766016838,2
0.301029995663981,0.477121254719662,0.602059991327962,1.32221929473392,0.698970004336019,0.602059991327962,1,1.4142135623731,1.73205080756888,4.47213595499958,2
0.845098040014257,0.698970004336019,0.568201724066995,1.32221929473392,0.698970004336019,0.954242509439325,2.44948974278318,2,1.6431676725155,4.47213595499958,2
0.602059991327962,0.954242509439325,0.518513939877887,1.20411998265592,0.698970004336019,0.602059991327962,1.73205080756888,2.82842712474619,1.51657508881031,3.87298334620742,2
0.301029995663981,0.698970004336019,0.477121254719662,1.20411998265592,0.698970004336019,0,1,2,1.4142135623731,3.87298334620742,2
1.14612803567824,1.27875360095283,0.518513939877887,1.11394335230684,0.698970004336019,1.17609125905568,3.60555127546399,4.24264068711929,1.51657508881031,3.46410161513775,2
2.18752072083646,2.38201704257487,0.591064607026499,1.11394335230684,0.698970004336019,2.06818586174616,12.369316876853,15.4919333848297,1.70293863659264,3.46410161513775,2
1.17609125905568,1.38021124171161,0.462397997898956,1.04139268515823,0.698970004336019,0.778151250383644,3.74165738677394,4.79583152331272,1.37840487520902,3.16227766016838,2
1.20411998265592,1.34242268082221,0.491361693834273,,0.698970004336019,0.698970004336019,3.87298334620742,4.58257569495584,1.44913767461894,,2
1.50514997831991,1.54406804435028,0.591064607026499,1.20411998265592,0.698970004336019,1.5910646070265,5.56776436283002,5.8309518948453,1.70293863659264,3.87298334620742,2
0.845098040014257,0.903089986991943,0.518513939877887,1.20411998265592,0.698970004336019,0.477121254719662,2.44948974278318,2.64575131106459,1.51657508881031,3.87298334620742,2
0.602059991327962,0.602059991327962,0.361727836017593,1.17609125905568,0.698970004336019,0.301029995663981,1.73205080756888,1.73205080756888,1.14017542509914,3.74165738677394,2
1.82607480270083,2.08635983067475,0.556302500767287,1.04139268515823,0.698970004336019,1.47712125471966,8.12403840463596,11,1.61245154965971,3.16227766016838,2
0.602059991327962,0.903089986991943,0.301029995663981,1.04139268515823,0.698970004336019,0.477121254719662,1.73205080756888,2.64575131106459,1,3.16227766016838,2
0.477121254719662,0.301029995663981,0.397940008672038,1.11394335230684,0.698970004336019,0.477121254719662,1.4142135623731,1,1.22474487139159,3.46410161513775,2
0.477121254719662,0.778151250383644,0.477121254719662,1.20411998265592,0.698970004336019,0,1.4142135623731,2.23606797749979,1.4142135623731,3.87298334620742,2
0.301029995663981,0,0.477121254719662,1.11394335230684,0.698970004336019,0.301029995663981,1,0,1.4142135623731,3.46410161513775,2
1.61278385671974,1.82607480270083,0.531478917042255,1.04139268515823,0.698970004336019,1.14612803567824,6.32455532033676,8.12403840463596,1.54919333848297,3.16227766016838,2
1.07918124604762,1.25527250510331,0.462397997898956,,0.698970004336019,0.845098040014257,3.3166247903554,4.12310562561766,1.37840487520902,,2
0.477121254719662,0.301029995663981,0.653212513775344,1.46239799789896,0.740362689494244,0.903089986991943,1.4142135623731,1,1.87082869338697,5.29150262212918,2.12132034355964
0.698970004336019,0.845098040014257,0.477121254719662,1.04139268515823,0.720159303405957,0.698970004336019,2,2.44948974278318,1.4142135623731,3.16227766016838,2.06155281280883
0.301029995663981,0.477121254719662,0.477121254719662,1.04139268515823,0.720159303405957,0,1,1.4142135623731,1.4142135623731,3.16227766016838,2.06155281280883
1.53147891704226,1.83250891270624,0.462397997898956,1.11394335230684,0.720159303405957,0.778151250383644,5.74456264653803,8.18535277187245,1.37840487520902,3.46410161513775,2.06155281280883
0.301029995663981,0.301029995663981,0.477121254719662,1.11394335230684,0.740362689494244,0,1,1,1.4142135623731,3.46410161513775,2.12132034355964
2.55388302664387,2.80345711564841,0.6232492903979,1.20411998265592,0.75966784468963,2.60745502321467,18.8944436276912,25.1992063367083,1.78885438199983,3.87298334620742,2.17944947177034
2.14612803567824,2.42975228000241,0.612783856719735,1.32221929473392,0.778151250383644,2.19033169817029,11.7898261225516,16.3707055437449,1.7606816861659,4.47213595499958,2.23606797749979
0.903089986991943,1.07918124604762,0.477121254719662,,0.778151250383644,1,2.64575131106459,3.3166247903554,1.4142135623731,,2.23606797749979
0.845098040014257,0.954242509439325,0.57978359661681,1.38021124171161,0.778151250383644,0.477121254719662,2.44948974278318,2.82842712474619,1.67332005306815,4.79583152331272,2.23606797749979
0.698970004336019,0.845098040014257,0.57978359661681,1.20411998265592,0.778151250383644,0.602059991327962,2,2.44948974278318,1.67332005306815,3.87298334620742,2.23606797749979
1.92427928606188,2.02530586526477,0.602059991327962,1.20411998265592,0.778151250383644,2.13672056715641,9.1104335791443,10.2469507659596,1.73205080756888,3.87298334620742,2.23606797749979
1.23044892137827,1.27875360095283,0.491361693834273,1.20411998265592,0.778151250383644,0.845098040014257,4,4.24264068711929,1.44913767461894,3.87298334620742,2.23606797749979
1.84509804001426,1.92427928606188,0.602059991327962,1.20411998265592,0.778151250383644,1.89209460269048,8.30662386291808,9.1104335791443,1.73205080756888,3.87298334620742,2.23606797749979
0,0,0,,0.778151250383644,0.301029995663981,0,0,0,,2.23606797749979
0.301029995663981,0.301029995663981,0.477121254719662,1.04139268515823,0.778151250383644,0,1,1,1.4142135623731,3.16227766016838,2.23606797749979
0.301029995663981,0.477121254719662,0.477121254719662,1.11394335230684,0.778151250383644,0.301029995663981,1,1.4142135623731,1.4142135623731,3.46410161513775,2.23606797749979
0.477121254719662,0.477121254719662,0.653212513775344,1.27875360095283,0.778151250383644,0.477121254719662,1.4142135623731,1.4142135623731,1.87082869338697,4.24264068711929,2.23606797749979
0.477121254719662,0.301029995663981,0.477121254719662,1.11394335230684,0.778151250383644,0.477121254719662,1.4142135623731,1,1.4142135623731,3.46410161513775,2.23606797749979
0.301029995663981,0,0.301029995663981,1.23044892137827,0.778151250383644,0.301029995663981,1,0,1,4,2.23606797749979
0.477121254719662,0.602059991327962,0.397940008672038,1.11394335230684,0.778151250383644,0.698970004336019,1.4142135623731,1.73205080756888,1.22474487139159,3.46410161513775,2.23606797749979
0.301029995663981,0.698970004336019,0.301029995663981,0.954242509439325,0.778151250383644,0,1,2,1,2.82842712474619,2.23606797749979
1.32221929473392,1.27875360095283,0.633468455579586,1.41497334797082,0.778151250383644,1.75587485567249,4.47213595499958,4.24264068711929,1.8165902124585,5,2.23606797749979
0.477121254719662,0.477121254719662,0.397940008672038,,0.778151250383644,0,1.4142135623731,1.4142135623731,1.22474487139159,,2.23606797749979
0.301029995663981,0,0.301029995663981,1.20411998265592,0.778151250383644,0,1,0,1,3.87298334620742,2.23606797749979
0.477121254719662,0.301029995663981,0.477121254719662,1.04139268515823,0.778151250383644,0.477121254719662,1.4142135623731,1,1.4142135623731,3.16227766016838,2.23606797749979
0.301029995663981,0.477121254719662,0.477121254719662,1.20411998265592,0.778151250383644,0.477121254719662,1,1.4142135623731,1.4142135623731,3.87298334620742,2.23606797749979
0.477121254719662,0.778151250383644,0.544068044350276,,0.778151250383644,0.477121254719662,1.4142135623731,2.23606797749979,1.58113883008419,,2.23606797749979
0.698970004336019,0.903089986991943,0.477121254719662,,0.778151250383644,0.477121254719662,2,2.64575131106459,1.4142135623731,,2.23606797749979
0.301029995663981,0.477121254719662,0.477121254719662,1.11394335230684,0.778151250383644,0,1,1.4142135623731,1.4142135623731,3.46410161513775,2.23606797749979
0.477121254719662,0.477121254719662,0.477121254719662,1.32221929473392,0.778151250383644,0.477121254719662,1.4142135623731,1.4142135623731,1.4142135623731,4.47213595499958,2.23606797749979
2.44404479591808,2.68930885912362,0.653212513775344,,0.778151250383644,2.45939248775923,16.6433169770932,22.0907220343745,1.87082869338697,,2.23606797749979
0.903089986991943,1.07918124604762,0.491361693834273,,0.778151250383644,0.903089986991943,2.64575131106459,3.3166247903554,1.44913767461894,,2.23606797749979
0.954242509439325,0.903089986991943,0.518513939877887,1.32221929473392,0.778151250383644,0.845098040014257,2.82842712474619,2.64575131106459,1.51657508881031,4.47213595499958,2.23606797749979
1.73239375982297,1.92427928606188,0.568201724066995,1.04139268515823,0.778151250383644,1.20411998265592,7.28010988928052,9.1104335791443,1.6431676725155,3.16227766016838,2.23606797749979
0.477121254719662,0.477121254719662,0.602059991327962,1.20411998265592,0.778151250383644,0,1.4142135623731,1.4142135623731,1.73205080756888,3.87298334620742,2.23606797749979
0.301029995663981,0.477121254719662,0.477121254719662,0.845098040014257,0.778151250383644,0,1,1.4142135623731,1.4142135623731,2.44948974278318,2.23606797749979
0.954242509439325,1.14612803567824,0.462397997898956,,0.778151250383644,1.04139268515823,2.82842712474619,3.60555127546399,1.37840487520902,,2.23606797749979
1.66275783168157,1.79934054945358,0.643452676486187,,0.778151250383644,1.69019608002851,6.70820393249937,7.87400787401181,1.84390889145858,,2.23606797749979
2.10380372095596,2.32221929473392,0.57978359661681,,0.778151250383644,1.95424250943932,11.2249721603218,14.456832294801,1.67332005306815,,2.23606797749979
1.39794000867204,1.64345267648619,0.602059991327962,,0.778151250383644,1.56820172406699,4.89897948556636,6.557438524302,1.73205080756888,,2.23606797749979
0.698970004336019,0.954242509439325,0.447158031342219,1.11394335230684,0.778151250383644,0.778151250383644,2,2.82842712474619,1.34164078649987,3.46410161513775,2.23606797749979
0.477121254719662,0.477121254719662,0.477121254719662,1.20411998265592,0.778151250383644,0.301029995663981,1.4142135623731,1.4142135623731,1.4142135623731,3.87298334620742,2.23606797749979
0.301029995663981,0.602059991327962,0.698970004336019,1.32221929473392,0.778151250383644,1.25527250510331,1,1.73205080756888,2,4.47213595499958,2.23606797749979
0.301029995663981,0.301029995663981,0.602059991327962,1.11394335230684,0.812913356642855,0.778151250383644,1,1,1.73205080756888,3.46410161513775,2.34520787991171
0.477121254719662,0.301029995663981,0.602059991327962,1.20411998265592,0.845098040014257,0.954242509439325,1.4142135623731,1,1.73205080756888,3.87298334620742,2.44948974278318
1.39794000867204,1.46239799789896,0.612783856719735,1.49136169383427,0.845098040014257,1.51851393987789,4.89897948556636,5.29150262212918,1.7606816861659,5.47722557505166,2.44948974278318
0.845098040014257,0.903089986991943,0.544068044350276,1.04139268515823,0.845098040014257,0.954242509439325,2.44948974278318,2.64575131106459,1.58113883008419,3.16227766016838,2.44948974278318
1.80617997398389,1.95904139232109,0.491361693834273,,0.845098040014257,1.56820172406699,7.93725393319377,9.48683298050514,1.44913767461894,,2.44948974278318
0.477121254719662,0.602059991327962,0.477121254719662,,0.845098040014257,0.602059991327962,1.4142135623731,1.73205080756888,1.4142135623731,,2.44948974278318
0.301029995663981,0,0.477121254719662,,0.845098040014257,0,1,0,1.4142135623731,,2.44948974278318
1.34242268082221,1.34242268082221,0.612783856719735,1.32221929473392,0.845098040014257,1.32221929473392,4.58257569495584,4.58257569495584,1.7606816861659,4.47213595499958,2.44948974278318
1.38021124171161,1.32221929473392,0.602059991327962,1.32221929473392,0.845098040014257,1.36172783601759,4.79583152331272,4.47213595499958,1.73205080756888,4.47213595499958,2.44948974278318
1.49136169383427,1.5910646070265,0.556302500767287,,0.845098040014257,1.41497334797082,5.47722557505166,6.16441400296898,1.61245154965971,,2.44948974278318
0.301029995663981,0,0.301029995663981,1.20411998265592,0.845098040014257,0.301029995663981,1,0,1,3.87298334620742,2.44948974278318
0.477121254719662,0.477121254719662,0.544068044350276,1.11394335230684,0.845098040014257,0.602059991327962,1.4142135623731,1.4142135623731,1.58113883008419,3.46410161513775,2.44948974278318
0.845098040014257,0.602059991327962,0.505149978319906,1.27875360095283,0.845098040014257,0.477121254719662,2.44948974278318,1.73205080756888,1.48323969741913,4.24264068711929,2.44948974278318
0.778151250383644,0.903089986991943,0.531478917042255,,0.845098040014257,0.698970004336019,2.23606797749979,2.64575131106459,1.54919333848297,,2.44948974278318
1.73239375982297,1.79934054945358,0.662757831681574,1.36172783601759,0.845098040014257,1.89762709129044,7.28010988928052,7.87400787401181,1.89736659610103,4.69041575982343,2.44948974278318
1,1.04139268515823,0.491361693834273,1.04139268515823,0.845098040014257,0.954242509439325,3,3.16227766016838,1.44913767461894,3.16227766016838,2.44948974278318
1.38021124171161,1.51851393987789,0.568201724066995,1.04139268515823,0.845098040014257,1.46239799789896,4.79583152331272,5.65685424949238,1.6431676725155,3.16227766016838,2.44948974278318
0.301029995663981,0.301029995663981,0.477121254719662,1.04139268515823,0.845098040014257,0,1,1,1.4142135623731,3.16227766016838,2.44948974278318
1.75587485567249,1.91907809237607,0.556302500767287,0.954242509439325,0.845098040014257,1.94448267215017,7.48331477354788,9.05538513813742,1.61245154965971,2.82842712474619,2.44948974278318
1.20411998265592,1.41497334797082,0.505149978319906,1.20411998265592,0.845098040014257,1.23044892137827,3.87298334620742,5,1.48323969741913,3.87298334620742,2.44948974278318
0.301029995663981,0.301029995663981,0.602059991327962,1.04139268515823,0.845098040014257,0.845098040014257,1,1,1.73205080756888,3.16227766016838,2.44948974278318
0.845098040014257,1,0.518513939877887,0.954242509439325,0.845098040014257,0.698970004336019,2.44948974278318,3,1.51657508881031,2.82842712474619,2.44948974278318
2.45331834004704,2.65609820201283,0.633468455579586,1.20411998265592,0.845098040014257,2.55630250076729,16.8226038412607,21.2602916254693,1.8165902124585,3.87298334620742,2.44948974278318
2.04139268515822,2.31386722036915,0.57978359661681,,0.845098040014257,1.82607480270083,10.4403065089106,14.3178210632764,1.67332005306815,,2.44948974278318
0.477121254719662,0.602059991327962,0.544068044350276,1.61278385671974,0.860338006570994,1.07918124604762,1.4142135623731,1.73205080756888,1.58113883008419,6.32455532033676,2.5
0.301029995663981,0,0.301029995663981,1.11394335230684,0.860338006570994,0,1,0,1,3.46410161513775,2.5
0.301029995663981,0,0.301029995663981,1.20411998265592,0.860338006570994,0.477121254719662,1,0,1,3.87298334620742,2.5
0.602059991327962,0.845098040014257,0.361727836017593,,0.8750612633917,0,1.73205080756888,2.44948974278318,1.14017542509914,,2.54950975679639
0.698970004336019,0.698970004336019,0.477121254719662,1.11394335230684,0.88930170250631,0.477121254719662,2,2,1.4142135623731,3.46410161513775,2.59807621135332
0.477121254719662,0.301029995663981,0.301029995663981,0.954242509439325,0.88930170250631,0,1.4142135623731,1,1,2.82842712474619,2.59807621135332
1.76342799356294,1.90308998699194,0.612783856719735,1.20411998265592,0.903089986991943,1.98677173426624,7.54983443527075,8.88819441731559,1.7606816861659,3.87298334620742,2.64575131106459
2.32221929473392,2.51587384371168,0.672097857935717,1.20411998265592,0.903089986991943,2.61172330800734,14.456832294801,18.0831413200251,1.92353840616713,3.87298334620742,2.64575131106459
1.74036268949424,1.81291335664286,0.591064607026499,0.954242509439325,0.903089986991943,1.89762709129044,7.34846922834953,8,1.70293863659264,2.82842712474619,2.64575131106459
0.602059991327962,0.477121254719662,0.301029995663981,1.11394335230684,0.903089986991943,0,1.73205080756888,1.4142135623731,1,3.46410161513775,2.64575131106459
1,1,0.556302500767287,1.20411998265592,0.903089986991943,0.602059991327962,3,3,1.61245154965971,3.87298334620742,2.64575131106459
0.778151250383644,0.698970004336019,0.556302500767287,1.20411998265592,0.903089986991943,0,2.23606797749979,2,1.61245154965971,3.87298334620742,2.64575131106459
0.301029995663981,0,0.477121254719662,,0.903089986991943,0.301029995663981,1,0,1.4142135623731,,2.64575131106459
1.72427586960079,1.83884909073726,0.690196080028514,1.17609125905568,0.916453948549925,2.46982201597816,7.21110255092798,8.24621125123532,1.97484176581315,3.74165738677394,2.69258240356725
0.301029995663981,0,0.301029995663981,1.20411998265592,0.903089986991943,0,1,0,1,3.87298334620742,2.64575131106459
0.698970004336019,0.477121254719662,0.518513939877887,1.11394335230684,0.903089986991943,0.845098040014257,2,1.4142135623731,1.51657508881031,3.46410161513775,2.64575131106459
1.99563519459755,2.2148438480477,0.662757831681574,1.20411998265592,0.903089986991943,2.13987908640124,9.89949493661167,12.7671453348037,1.89736659610103,3.87298334620742,2.64575131106459
1.96378782734556,2.17318626841227,0.672097857935717,1.20411998265592,0.903089986991943,2.42488163663107,9.53939201416946,12.1655250605964,1.92353840616713,3.87298334620742,2.64575131106459
0.778151250383644,0.698970004336019,0.505149978319906,1.04139268515823,0.903089986991943,0.602059991327962,2.23606797749979,2,1.48323969741913,3.16227766016838,2.64575131106459
0.477121254719662,0,0,1.17609125905568,0.903089986991943,0,1.4142135623731,0,0,3.74165738677394,2.64575131106459
1.81291335664286,1.94448267215017,0.612783856719735,1.11394335230684,0.903089986991943,1.77085201164214,8,9.32737905308882,1.7606816861659,3.46410161513775,2.64575131106459
1.17609125905568,1.14612803567824,0.531478917042255,1.20411998265592,0.903089986991943,0.602059991327962,3.74165738677394,3.60555127546399,1.54919333848297,3.87298334620742,2.64575131106459
0.301029995663981,0,0.301029995663981,1.04139268515823,0.903089986991943,0,1,0,1,3.16227766016838,2.64575131106459
0.602059991327962,0.477121254719662,0.602059991327962,1.20411998265592,0.903089986991943,0.778151250383644,1.73205080756888,1.4142135623731,1.73205080756888,3.87298334620742,2.64575131106459
1.43136376415899,1.77815125038364,0.643452676486187,1.27875360095283,0.903089986991943,1.85125834871908,5.09901951359278,7.68114574786861,1.84390889145858,4.24264068711929,2.64575131106459
0.477121254719662,0.477121254719662,0.397940008672038,1.04139268515823,0.903089986991943,0.477121254719662,1.4142135623731,1.4142135623731,1.22474487139159,3.16227766016838,2.64575131106459
0.477121254719662,0,0.477121254719662,,0.903089986991943,0.301029995663981,1.4142135623731,0,1.4142135623731,,2.64575131106459
0.698970004336019,0.602059991327962,0.477121254719662,1.04139268515823,0.903089986991943,0.845098040014257,2,1.73205080756888,1.4142135623731,3.16227766016838,2.64575131106459
0.778151250383644,0.903089986991943,0.447158031342219,1.11394335230684,0.903089986991943,0.698970004336019,2.23606797749979,2.64575131106459,1.34164078649987,3.46410161513775,2.64575131106459
0.301029995663981,0,0.301029995663981,1.20411998265592,0.903089986991943,0.301029995663981,1,0,1,3.87298334620742,2.64575131106459
0.301029995663981,0,0.602059991327962,1.27875360095283,0.903089986991943,0.477121254719662,1,0,1.73205080756888,4.24264068711929,2.64575131106459
0.477121254719662,0.301029995663981,0.544068044350276,1.25527250510331,0.903089986991943,0.698970004336019,1.4142135623731,1,1.58113883008419,4.12310562561766,2.64575131106459
0.301029995663981,0,0.602059991327962,1.11394335230684,0.903089986991943,0,1,0,1.73205080756888,3.46410161513775,2.64575131106459
0.301029995663981,0,0.602059991327962,,0.903089986991943,0,1,0,1.73205080756888,,2.64575131106459
1.34242268082221,1.38021124171161,0.612783856719735,1.11394335230684,0.916453948549925,1.46239799789896,4.58257569495584,4.79583152331272,1.7606816861659,3.46410161513775,2.69258240356725
0.477121254719662,0.301029995663981,0.301029995663981,0.845098040014257,0.929418925714293,0,1.4142135623731,1,1,2.44948974278318,2.73861278752583
0.698970004336019,0.602059991327962,0.477121254719662,0.954242509439325,0.942008053022313,0.477121254719662,2,1.73205080756888,1.4142135623731,2.82842712474619,2.78388218141501
1.68124123737559,1.82607480270083,0.6232492903979,1.20411998265592,0.954242509439325,1.94939000664491,6.85565460040104,8.12403840463596,1.78885438199983,3.87298334620742,2.82842712474619
1.84509804001426,2.13353890837022,0.602059991327962,,0.954242509439325,1.91381385238372,8.30662386291808,11.6189500386223,1.73205080756888,,2.82842712474619
0.477121254719662,0.477121254719662,0.602059991327962,1.20411998265592,0.954242509439325,0.301029995663981,1.4142135623731,1.4142135623731,1.73205080756888,3.87298334620742,2.82842712474619
0.602059991327962,0.477121254719662,0.518513939877887,1.04139268515823,0.954242509439325,0.301029995663981,1.73205080756888,1.4142135623731,1.51657508881031,3.16227766016838,2.82842712474619
1.25527250510331,1.38021124171161,0.556302500767287,0.845098040014257,0.954242509439325,1.67209785793572,4.12310562561766,4.79583152331272,1.61245154965971,2.44948974278318,2.82842712474619
0.602059991327962,0.301029995663981,0.518513939877887,,0.954242509439325,0.301029995663981,1.73205080756888,1,1.51657508881031,,2.82842712474619
1.14612803567824,1.25527250510331,0.57978359661681,1.20411998265592,0.954242509439325,1.25527250510331,3.60555127546399,4.12310562561766,1.67332005306815,3.87298334620742,2.82842712474619
0.698970004336019,0.778151250383644,0.477121254719662,,0.954242509439325,0.477121254719662,2,2.23606797749979,1.4142135623731,,2.82842712474619
0.845098040014257,0.954242509439325,0.6232492903979,1.11394335230684,0.954242509439325,1.25527250510331,2.44948974278318,2.82842712474619,1.78885438199983,3.46410161513775,2.82842712474619
0.477121254719662,0.301029995663981,0.544068044350276,1.04139268515823,0.954242509439325,0.301029995663981,1.4142135623731,1,1.58113883008419,3.16227766016838,2.82842712474619
0.698970004336019,0.602059991327962,0.447158031342219,1.11394335230684,0.954242509439325,0.477121254719662,2,1.73205080756888,1.34164078649987,3.46410161513775,2.82842712474619
0.602059991327962,0.301029995663981,0.672097857935717,1.55630250076729,0.954242509439325,0.954242509439325,1.73205080756888,1,1.92353840616713,5.91607978309962,2.82842712474619
0.602059991327962,0.477121254719662,0.431363764158987,1.17609125905568,0.954242509439325,0,1.73205080756888,1.4142135623731,1.30384048104053,3.74165738677394,2.82842712474619
0.845098040014257,0.778151250383644,0.518513939877887,1.32221929473392,0.954242509439325,1.11394335230684,2.44948974278318,2.23606797749979,1.51657508881031,4.47213595499958,2.82842712474619
1,1.07918124604762,0.591064607026499,1.20411998265592,0.954242509439325,1.25527250510331,3,3.3166247903554,1.70293863659264,3.87298334620742,2.82842712474619
0.477121254719662,0.301029995663981,0.602059991327962,,0.954242509439325,0.602059991327962,1.4142135623731,1,1.73205080756888,,2.82842712474619
0.903089986991943,1.07918124604762,0.491361693834273,1.04139268515823,0.954242509439325,1,2.64575131106459,3.3166247903554,1.44913767461894,3.16227766016838,2.82842712474619
0.845098040014257,0.845098040014257,0.672097857935717,1.27875360095283,0.977723605288848,0.954242509439325,2.44948974278318,2.44948974278318,1.92353840616713,4.24264068711929,2.91547594742265
1.47712125471966,1.50514997831991,0.672097857935717,,0.977723605288848,2.00860017176192,5.3851648071345,5.56776436283002,1.92353840616713,,2.91547594742265
0.954242509439325,0.903089986991943,0.612783856719735,1.20411998265592,0.977723605288848,1.23044892137827,2.82842712474619,2.64575131106459,1.7606816861659,3.87298334620742,2.91547594742265
0.954242509439325,1.07918124604762,0.690196080028514,1.11394335230684,0.989004615698537,1.60205999132796,2.82842712474619,3.3166247903554,1.97484176581315,3.46410161513775,2.95803989154981
0.778151250383644,0.698970004336019,0.380211241711606,0.954242509439325,0.977723605288848,0,2.23606797749979,2,1.18321595661992,2.82842712474619,2.91547594742265
1,0.954242509439325,0.602059991327962,1.04139268515823,0.977723605288848,1.04139268515823,3,2.82842712474619,1.73205080756888,3.16227766016838,2.91547594742265
0.602059991327962,0.602059991327962,0.568201724066995,1.20411998265592,0.989004615698537,0.778151250383644,1.73205080756888,1.73205080756888,1.6431676725155,3.87298334620742,2.95803989154981
0.954242509439325,1.04139268515823,0.518513939877887,,1,0.602059991327962,2.82842712474619,3.16227766016838,1.51657508881031,,3
1.44715803134222,1.53147891704226,0.643452676486187,1.11394335230684,1,1.88649072517248,5.19615242270663,5.74456264653803,1.84390889145858,3.46410161513775,3
0.602059991327962,0.301029995663981,0.698970004336019,1.49136169383427,1,1.11394335230684,1.73205080756888,1,2,5.47722557505166,3
0.477121254719662,0.602059991327962,0.477121254719662,1.25527250510331,1,0.602059991327962,1.4142135623731,1.73205080756888,1.4142135623731,4.12310562561766,3
0.903089986991943,0.778151250383644,0.633468455579586,0.954242509439325,1,1.14612803567824,2.64575131106459,2.23606797749979,1.8165902124585,2.82842712474619,3
0.477121254719662,0.301029995663981,0.544068044350276,1.14612803567824,1,0.301029995663981,1.4142135623731,1,1.58113883008419,3.60555127546399,3
0.301029995663981,0.477121254719662,0.301029995663981,1.11394335230684,1.02118929906994,0.301029995663981,1,1.4142135623731,1,3.46410161513775,3.08220700148449
0.301029995663981,0.477121254719662,0.301029995663981,,1.02118929906994,0,1,1.4142135623731,1,,3.08220700148449
0.698970004336019,0.698970004336019,0.477121254719662,1.11394335230684,1.03140846425162,0.602059991327962,2,2,1.4142135623731,3.46410161513775,3.1224989991992
1.25527250510331,1.46239799789896,0.57978359661681,,1.04139268515823,1.23044892137827,4.12310562561766,5.29150262212918,1.67332005306815,,3.16227766016838
1.44715803134222,1.60205999132796,0.602059991327962,1.20411998265592,1.04139268515823,1.68124123737559,5.19615242270663,6.2449979983984,1.73205080756888,3.87298334620742,3.16227766016838
0.477121254719662,0.301029995663981,0.602059991327962,1.17609125905568,1.04139268515823,1,1.4142135623731,1,1.73205080756888,3.74165738677394,3.16227766016838
0.602059991327962,0.477121254719662,0.518513939877887,1.23044892137827,1.04139268515823,0.698970004336019,1.73205080756888,1.4142135623731,1.51657508881031,4,3.16227766016838
0.301029995663981,0,0.477121254719662,1.11394335230684,1.04139268515823,0.698970004336019,1,0,1.4142135623731,3.46410161513775,3.16227766016838
0.954242509439325,0.903089986991943,0.591064607026499,0.954242509439325,1.04139268515823,1.14612803567824,2.82842712474619,2.64575131106459,1.70293863659264,2.82842712474619,3.16227766016838
0.477121254719662,0.602059991327962,0.477121254719662,,1.04139268515823,0.698970004336019,1.4142135623731,1.73205080756888,1.4142135623731,,3.16227766016838
0.602059991327962,0.477121254719662,0.518513939877887,,1.04139268515823,0.301029995663981,1.73205080756888,1.4142135623731,1.51657508881031,,3.16227766016838
0.698970004336019,0.698970004336019,0.57978359661681,,1.04139268515823,1,2,2,1.67332005306815,,3.16227766016838
0.602059991327962,0,0.477121254719662,1.55630250076729,1.04139268515823,0.301029995663981,1.73205080756888,0,1.4142135623731,5.91607978309962,3.16227766016838
0.845098040014257,0.845098040014257,0.6232492903979,1.25527250510331,1.04139268515823,1.04139268515823,2.44948974278318,2.44948974278318,1.78885438199983,4.12310562561766,3.16227766016838
0.477121254719662,0.477121254719662,0.602059991327962,,1.04139268515823,0.477121254719662,1.4142135623731,1.4142135623731,1.73205080756888,,3.16227766016838
1.11394335230684,1.17609125905568,0.6232492903979,0.954242509439325,1.05115252244738,1.44715803134222,3.46410161513775,3.74165738677394,1.78885438199983,2.82842712474619,3.20156211871642
0.477121254719662,0.301029995663981,0.544068044350276,1.17609125905568,1.05115252244738,0.301029995663981,1.4142135623731,1,1.58113883008419,3.74165738677394,3.20156211871642
1.44715803134222,1.64345267648619,0.633468455579586,1.20411998265592,1.07003786660776,1.72427586960079,5.19615242270663,6.557438524302,1.8165902124585,3.87298334620742,3.278719262151
0.845098040014257,0.698970004336019,0.568201724066995,1.04139268515823,1.07003786660776,1.11394335230684,2.44948974278318,2,1.6431676725155,3.16227766016838,3.278719262151
0.778151250383644,0.903089986991943,0.57978359661681,,1.07003786660776,0.845098040014257,2.23606797749979,2.64575131106459,1.67332005306815,,3.278719262151
0.778151250383644,0.778151250383644,0.602059991327962,1.20411998265592,1.07918124604762,1.14612803567824,2.23606797749979,2.23606797749979,1.73205080756888,3.87298334620742,3.3166247903554
0.903089986991943,0.954242509439325,0.690196080028514,1.11394335230684,1.07918124604762,1.44715803134222,2.64575131106459,2.82842712474619,1.97484176581315,3.46410161513775,3.3166247903554
0.698970004336019,0.477121254719662,0.477121254719662,0.903089986991943,1.07918124604762,0.845098040014257,2,1.4142135623731,1.4142135623731,2.64575131106459,3.3166247903554
0.954242509439325,1.07918124604762,0.602059991327962,0.845098040014257,1.07918124604762,1.14612803567824,2.82842712474619,3.3166247903554,1.73205080756888,2.44948974278318,3.3166247903554
0.301029995663981,0,0.477121254719662,1.04139268515823,1.07918124604762,0,1,0,1.4142135623731,3.16227766016838,3.3166247903554
0.698970004336019,0.698970004336019,0.544068044350276,,1.07918124604762,0.698970004336019,2,2,1.58113883008419,,3.3166247903554
0.301029995663981,0,0.477121254719662,1.07918124604762,1.07918124604762,0,1,0,1.4142135623731,3.3166247903554,3.3166247903554
0.477121254719662,0.301029995663981,0.477121254719662,1.23044892137827,1.09691001300806,0.602059991327962,1.4142135623731,1,1.4142135623731,4,3.39116499156263
0.698970004336019,0.845098040014257,0.698970004336019,1.20411998265592,1.11394335230684,1.38021124171161,2,2.44948974278318,2,3.87298334620742,3.46410161513775
0.301029995663981,0.301029995663981,0.602059991327962,,1.11394335230684,0.845098040014257,1,1,1.73205080756888,,3.46410161513775
0.602059991327962,0.602059991327962,0.568201724066995,,1.11394335230684,0.602059991327962,1.73205080756888,1.73205080756888,1.6431676725155,,3.46410161513775
0.477121254719662,0.301029995663981,0.544068044350276,1.20411998265592,1.13033376849501,0.778151250383644,1.4142135623731,1,1.58113883008419,3.87298334620742,3.53553390593274
0.477121254719662,0.301029995663981,0.653212513775344,,1.14612803567824,0.698970004336019,1.4142135623731,1,1.87082869338697,,3.60555127546399
0.477121254719662,0.301029995663981,0.698970004336019,1.32221929473392,1.20411998265592,0.778151250383644,1.4142135623731,1,2,4.47213595499958,3.87298334620742
